LocationID;Country;Region;City;Adress;PostalNumber;DeliveryService
1;Tunisia;Africa/Tunis;Beni Khiar;856 Longview Pass;92230;Renner-Schultz
2;Burundi;Africa/Bujumbura;Muyinga;89 Dexter Drive;66132;Gottlieb, Abernathy and Kuvalis
3;Indonesia;Asia/Jakarta;Pule;021 North Place;42201;Hackett-Bauch
4;Syria;Asia/Damascus;As Sawdā;798 Columbus Court;40360;Tremblay-Bosco
5;Philippines;Asia/Manila;Cabannungan Second;34 Jana Avenue;53710;Muller, Paucek and Kertzmann
6;Brazil;America/Sao_Paulo;Forquilhinha;76209 Valley Edge Center;28402;Hermann-Bruen
7;Russia;Europe/Moscow;Dal’neye Konstantinovo;65 Claremont Lane;25536;Gerhold-Buckridge
8;Afghanistan;Asia/Kabul;La‘l;6883 Holmberg Point;67236;Wolff-Greenfelder
9;Japan;Asia/Tokyo;Yoshii;3 Cottonwood Lane;84628;Lindgren-Armstrong
10;Indonesia;Asia/Jakarta;Kertasari;26 Glendale Avenue;73373;Batz-Hayes
11;Canada;America/Halifax;Kensington;28 Utah Trail;28974;Ondricka, Hickle and Keeling
12;China;Asia/Harbin;Huo’erqi;1128 Iowa Terrace;58614;Ankunding Group
13;Serbia;Europe/Belgrade;Stari Banovci;61 Northfield Way;66998;Hauck, Senger and Schmeler
14;Ukraine;Europe/Uzhgorod;Yahil’nytsya;95179 Dwight Point;80058;Windler, Glover and Reichert
15;Argentina;America/Argentina/Salta;General Roca;391 Pond Crossing;92527;Mraz, Schoen and Fadel
16;Pakistan;Asia/Karachi;Shorko;21 Carpenter Avenue;48792;Labadie-Boyer
17;Portugal;Europe/Lisbon;Parreira;33 Spaight Pass;89013;Russel and Sons
18;South Korea;Asia/Seoul;Heung-hai;8031 Lunder Plaza;54005;Paucek Group
19;Philippines;Asia/Manila;Pontevedra;01 Warbler Crossing;81308;Orn-Stokes
20;United States;America/New_York;Richmond;77 Red Cloud Court;62219;Swift, Johns and Bartoletti
21;Czech Republic;Europe/Prague;Uherské Hradiště;1893 Dorton Hill;96992;Jones, Effertz and Williamson
22;Colombia;America/Bogota;Acandí;23 Fallview Pass;22189;Rutherford LLC
23;El Salvador;America/El_Salvador;Intipucá;031 Fieldstone Avenue;29828;Auer-Armstrong
24;Russia;Europe/Moscow;Blagodarnyy;0 Dovetail Point;48757;Osinski-Kassulke
25;China;Asia/Chongqing;Wangjiachang;06 North Circle;30529;Bogisich-Koelpin
26;Thailand;Asia/Bangkok;Pran Buri;29 Lakewood Terrace;64084;Torphy, Hayes and Crist
27;Panama;America/Panama;Palmira;9957 Anniversary Parkway;14863;Mante-Bergstrom
28;Czech Republic;Europe/Prague;Nový Hrozenkov;466 Hayes Drive;86677;Dooley Group
29;Colombia;America/Bogota;Montenegro;8324 Lighthouse Bay Crossing;39739;Eichmann Group
30;China;Asia/Chongqing;Fushui;377 Oneill Junction;87062;Stiedemann Inc
31;China;Asia/Shanghai;Longshan;2425 Fordem Avenue;94991;Kunde-Gleichner
32;China;Asia/Chongqing;Dagang;12060 Lighthouse Bay Alley;46399;Heller LLC
33;Argentina;America/Argentina/Jujuy;Yuto;14516 Farmco Trail;43779;Senger, Lubowitz and Konopelski
34;Yemen;Asia/Aden;Al Maḩfid;112 Russell Trail;93450;Schmidt, Macejkovic and Kunze
35;Ukraine;Europe/Uzhgorod;Rozvadov;2020 Little Fleur Pass;94116;Bosco-Herzog
36;Russia;Europe/Moscow;Skhodnya;45421 Kingsford Parkway;41521;Mills, Jakubowski and Blick
37;Philippines;Asia/Manila;Calamba;064 Muir Hill;79481;Gerhold-Zieme
38;Serbia;Europe/Belgrade;Sremska Mitrovica;7 Jana Avenue;78945;Rogahn Inc
39;Russia;Europe/Samara;Sigayevo;92 Maple Way;33706;Kilback-Hamill
40;Philippines;Asia/Manila;Mabasa;06 Algoma Alley;11157;Smith-Stracke
41;Sweden;Europe/Stockholm;Vaggeryd;91909 Steensland Avenue;38918;Bechtelar, DuBuque and Effertz
42;China;Asia/Chongqing;Zhangbei;0822 Lunder Crossing;29794;Reichel LLC
43;China;Asia/Chongqing;Gulao;80 Continental Court;69759;Mills and Sons
44;Uganda;Africa/Kampala;Budaka;748 Heath Center;57605;Harris Group
45;Cameroon;Africa/Douala;Kumbo;14029 Reinke Terrace;80385;Kemmer LLC
46;Philippines;Asia/Manila;Lapuyan;4172 2nd Court;22852;Lang and Sons
47;China;Asia/Harbin;Baoshi;43 Glendale Place;20089;Dooley-Bosco
48;Russia;Europe/Moscow;Troparëvo;721 Goodland Pass;85827;McLaughlin-Hickle
49;Russia;Asia/Krasnoyarsk;Asino;29 Carioca Center;71594;Becker, Gaylord and Daniel
50;Russia;Europe/Moscow;Melenki;64 Westerfield Parkway;60221;Schowalter-Adams
51;China;Asia/Shanghai;Tangtou;0695 Hudson Road;89470;Lindgren, Schmeler and Hauck
52;China;Asia/Shanghai;Zhuangtou;50042 John Wall Pass;60132;Dibbert-Jenkins
53;China;Asia/Chongqing;Daping;85 Dawn Crossing;50788;Klein, Schowalter and Borer
54;Czech Republic;Europe/Prague;Těšetice;71407 Thackeray Point;33788;Schowalter Inc
55;Haiti;America/Port-au-Prince;Acul du Nord;70053 Fairfield Hill;29086;McCullough, Cronin and Frami
56;Philippines;Asia/Manila;Libuganon;0 Jenifer Place;74984;Emmerich LLC
57;China;Asia/Shanghai;Hecun;4037 Summerview Way;13892;Wiza-Metz
58;Mexico;America/Mexico_City;Isidro Fabela;630 Marquette Way;74852;Crooks-Fritsch
59;China;Asia/Chongqing;Xiaoling;8 Dwight Court;12627;Reichert, Beier and Lakin
60;China;Asia/Chongqing;Taiyanghe;38883 Blaine Lane;16649;Gerlach, Reilly and Buckridge
61;Japan;Asia/Tokyo;Mori;016 Talisman Plaza;42727;Block LLC
62;Honduras;America/Tegucigalpa;San José;2469 Dahle Hill;85022;Smitham, Rippin and Kovacek
63;Indonesia;Asia/Makassar;Romba;5403 Lukken Street;88564;Quigley, Bins and Heller
64;Nigeria;Africa/Lagos;Eha Amufu;5 Bartillon Plaza;70927;Wisozk, Sanford and Abshire
65;Indonesia;Asia/Jakarta;Siluman;63868 Kennedy Drive;31887;Hamill, Heller and Bailey
66;Colombia;America/Bogota;Caldas;3322 Londonderry Lane;85352;Abbott, Gibson and Rutherford
67;Poland;Europe/Warsaw;Odolanów;3 Towne Parkway;16716;Von, Bednar and Deckow
68;Ireland;Europe/Dublin;Kinsale;113 Tennyson Drive;68614;Yost LLC
69;Indonesia;Asia/Jakarta;Ungaran;6 Schlimgen Crossing;69773;Harris Inc
70;Portugal;Europe/Lisbon;Vila Chã;71627 Morrow Lane;86428;Kris and Sons
71;Peru;America/Lima;Choco;1 Superior Lane;54887;Baumbach-Witting
72;China;Asia/Shanghai;Jiuxian;52503 Fair Oaks Street;38476;Bechtelar-Prosacco
73;United States;America/Denver;Englewood;0 Mariners Cove Crossing;78350;Brown Group
74;Greece;Europe/Athens;Goúvai;79 Forest Dale Center;15803;Howell Group
75;China;Asia/Chongqing;Changshan;6539 New Castle Hill;94794;Johns LLC
76;Morocco;Africa/Casablanca;Youssoufia;8900 Bluejay Hill;98273;Haag, Gusikowski and Mertz
77;China;Asia/Shanghai;Gaibei;6354 Old Gate Drive;11705;Pfannerstill Inc
78;Russia;Europe/Moscow;Peterhof;56 Montana Circle;29601;Swift, Lemke and Walker
79;China;Asia/Shanghai;Xinhe;2776 Schurz Road;83541;Zulauf, Grant and Gusikowski
80;China;Asia/Chongqing;Houping;292 Elmside Lane;19072;Gerhold LLC
81;China;Asia/Harbin;Wulan Hada;3 Kenwood Hill;55067;Gaylord-O'Reilly
82;Indonesia;Asia/Jakarta;Sempu;73 Dapin Junction;45654;Hamill and Sons
83;Brazil;America/Sao_Paulo;Aimorés;5 Onsgard Point;50980;Wintheiser-Lueilwitz
84;Ireland;Europe/Dublin;Ballinteer;8 Lakewood Hill;20521;Schmidt, Hackett and Monahan
85;China;Asia/Chongqing;Changxingbao;3773 Montana Point;34466;Lowe LLC
86;Sweden;Europe/Stockholm;Storuman;55292 Lerdahl Court;53395;Frami-Ondricka
87;Russia;Europe/Volgograd;Log;61 Larry Parkway;36477;Bruen, Cruickshank and Boyle
88;Brazil;America/Sao_Paulo;Ouro Preto;986 Buhler Court;41213;Mosciski Group
89;Greece;Europe/Athens;Kalpáki;79886 Oriole Place;73664;Doyle-Ritchie
90;Brazil;America/Recife;Águas Belas;41665 Mayfield Pass;84641;Lynch, Mertz and Macejkovic
91;Bulgaria;Europe/Sofia;Dupnitsa;18 Swallow Street;72159;Hilpert, Russel and Turcotte
92;Russia;Europe/Moscow;Vladimir;1 Ludington Circle;122;Schuster and Sons
93;Poland;Europe/Warsaw;Łomazy;6 Commercial Pass;69270;Considine Group
94;Indonesia;Asia/Jakarta;Sidamukti;15166 Twin Pines Lane;50278;Harris LLC
95;Indonesia;Asia/Jakarta;Semarang;353 1st Avenue;45884;Renner Inc
96;China;Asia/Chongqing;Jubao;2 Everett Hill;72064;Denesik-Schroeder
97;China;Asia/Chongqing;Liangdang Chengguanzhen;301 Tennyson Pass;31134;Oberbrunner, Osinski and Skiles
98;Indonesia;Asia/Makassar;Laka;05997 Prairieview Center;55904;Goyette, McGlynn and Gusikowski
99;China;Asia/Shanghai;Jiekeng;88 Carberry Place;9253;Ward-Schaden
100;Indonesia;Asia/Jakarta;Bojongsari;0 Huxley Street;74379;Windler Group
101;Germany;Europe/Berlin;München;95 Veith Point;29360;Runte, Schiller and Altenwerth
102;Azerbaijan;Asia/Baku;Khodzhi-Gasan;2 Holy Cross Hill;4293;Goldner, Mante and Olson
103;Paraguay;America/Asuncion;Yuty;645 Forster Terrace;56117;Wolf, Predovic and Johnston
104;Colombia;America/Bogota;Puerres;68843 Longview Drive;41377;Stark-Okuneva
105;Brazil;America/Sao_Paulo;Itajubá;97047 Gina Lane;67173;Okuneva, King and Blick
106;Japan;Asia/Tokyo;Tochio-honchō;6 Lindbergh Lane;4561;Stokes-Kozey
107;Ukraine;Europe/Simferopol;Chornomors’ke;9 Namekagon Park;9834;Johns-Reilly
108;New Zealand;Pacific/Tongatapu;Waitangi;662 Corscot Lane;85419;Little-Klocko
109;Philippines;Asia/Manila;Pangpang;332 Glacier Hill Hill;76157;Schroeder LLC
110;China;Asia/Shanghai;Xikou;344 Vera Trail;67263;Donnelly, Legros and Jaskolski
111;Poland;Europe/Warsaw;Siedliska;6412 Havey Pass;15525;Macejkovic LLC
112;China;Asia/Shanghai;Wuhe Chengguanzhen;8795 Beilfuss Avenue;15767;McClure Inc
113;Estonia;Europe/Tallinn;Pärnu;31825 Green Ridge Road;52452;Schaefer, Stiedemann and Dibbert
114;United States;America/Boise;Boise;62166 Glendale Way;22919;Emard, Grant and Kling
115;Poland;Europe/Warsaw;Kramarzówka;78 Clarendon Place;93980;Orn and Sons
116;China;Asia/Chongqing;Qingqu;60 Portage Way;925;Hodkiewicz and Sons
117;Peru;America/Lima;Quilmaná;5347 Parkside Way;4030;Kohler-Kuhn
118;Philippines;Asia/Manila;Pongol;4 Division Way;68552;Moen-Ryan
119;China;Asia/Urumqi;Sandaohezi;33 Ridgeway Parkway;44071;Bernier Group
120;Indonesia;Asia/Makassar;Tungguwaneng;84 Paget Circle;4182;Thiel LLC
121;France;Europe/Paris;Sallanches;060 Dennis Way;87882;Halvorson, Considine and Mueller
122;Sweden;Europe/Stockholm;Lidingö;8 Eliot Place;10041;Orn-Hahn
123;Bosnia and Herzegovina;Europe/Sarajevo;Banja Luka;7 Schiller Street;24683;Hilpert and Sons
124;China;Asia/Urumqi;Dabancheng;13809 Meadow Valley Crossing;56818;Schmitt Group
125;Philippines;Asia/Manila;Lacdayan;81780 Johnson Park;49094;Kuhlman, Herzog and Kohler
126;Egypt;Africa/Cairo;Kafr ad Dawwār;38 Clove Court;58519;Weissnat, Bashirian and Effertz
127;Thailand;Asia/Bangkok;Bang Bo;1 Acker Place;26966;Dietrich, Orn and Botsford
128;Indonesia;Asia/Jakarta;Bojongsari;4654 Paget Lane;86385;Braun-Lindgren
129;China;Asia/Shanghai;Quanling;43 Merchant Court;82183;Ratke Inc
130;Russia;Europe/Moscow;Novopokrovskaya;50848 West Point;11772;Mills, Larson and Stoltenberg
131;Russia;Europe/Moscow;Troitskoye;12113 Gale Lane;82747;Turner, Barrows and Bogisich
132;France;Europe/Paris;Poitiers;839 Toban Trail;90078;Morissette Inc
133;Indonesia;Asia/Jakarta;Kotanopan;0071 Jackson Crossing;29065;Veum Inc
134;Philippines;Asia/Manila;Mapalacsiao;518 Bay Crossing;93523;Kilback Group
135;Bosnia and Herzegovina;Europe/Sarajevo;Careva Ćuprija;05 Melby Lane;32398;O'Hara LLC
136;Ukraine;Europe/Uzhgorod;Poroshkovo;07712 Talmadge Lane;68024;Shields, Bradtke and Towne
137;Ukraine;Europe/Simferopol;Zaliznychne;4 Memorial Way;80593;Hermann Inc
138;Mexico;America/Mexico_City;San Diego;64 Cardinal Circle;79541;Stoltenberg-Shields
139;France;Europe/Paris;Vienne;5152 Commercial Point;70228;Veum, Kuphal and Hand
140;Russia;Europe/Moscow;Kalinovskaya;14 Green Way;85690;Jenkins Group
141;Russia;Asia/Omsk;Pervomayskoye;3 Westport Pass;79642;Mante, Leffler and Swaniawski
142;Philippines;Asia/Manila;Kapatagan;54 Sullivan Trail;8097;Schultz Group
143;Nigeria;Africa/Lagos;Rabah;5 Hauk Trail;2232;Buckridge, Schumm and Bradtke
144;China;Asia/Chongqing;Sunjia;5 Caliangt Circle;99389;O'Kon, Dooley and Schroeder
145;Indonesia;Asia/Jakarta;Ngrejo;7590 Hauk Park;93132;Yost Group
146;Sierra Leone;Africa/Freetown;Konakridee;6 Lukken Junction;89986;Goyette and Sons
147;France;Europe/Paris;Limoges;96 Oxford Trail;94345;Stoltenberg and Sons
148;China;Asia/Harbin;Lushuihe;3219 Hovde Point;23052;Mohr-Quigley
149;Portugal;Europe/Lisbon;Antas;18 Basil Trail;97919;Jacobs Group
150;Macedonia;Europe/Skopje;Kisela Voda;8466 Dryden Court;75311;VonRueden, Hudson and Harber
151;Russia;Asia/Sakhalin;Tungor;0489 Blue Bill Park Place;68985;Bogisich Group
152;Russia;Europe/Moscow;Kanash;566 4th Way;1413;Hirthe Inc
153;Russia;Europe/Moscow;Gudermes;660 Merry Street;80876;Gutmann, Brown and Casper
154;Kyrgyzstan;Asia/Bishkek;Bishkek;39473 Arizona Way;81183;Aufderhar-Kunde
155;Greece;Europe/Athens;Skála;45 Rutledge Hill;88519;Powlowski Group
156;Japan;Asia/Tokyo;Ōkuchi;3 Novick Court;98997;Blick, Crist and Fritsch
157;Indonesia;Asia/Makassar;Sebedo;46222 Pond Park;50286;Aufderhar Inc
158;Poland;Europe/Warsaw;Żyrardów;180 Logan Park;98495;Denesik Inc
159;Philippines;Asia/Manila;Basing;280 Eastlawn Plaza;70993;Stark, Carter and Schiller
160;Yemen;Asia/Aden;Sāh;96 Kedzie Point;64526;Kirlin, Eichmann and Becker
161;Swaziland;Africa/Mbabane;Lobamba;018 Buena Vista Place;15193;Mann-Abbott
162;Portugal;Europe/Lisbon;Mujães;9943 Melvin Pass;61245;Shanahan Inc
163;Philippines;Asia/Manila;Laylay;1987 Lakeland Hill;6968;Hettinger Group
164;China;Asia/Shanghai;Zhanping;24902 Dryden Trail;97444;D'Amore-Boyer
165;Portugal;Europe/Lisbon;Cobre;798 Charing Cross Center;54414;Donnelly, Deckow and MacGyver
166;Egypt;Africa/Cairo;At Tall al Kabīr;219 Hoard Road;87360;Marquardt LLC
167;Poland;Europe/Warsaw;Biały Bór;3 Maywood Center;13338;Turner, Jakubowski and Rath
168;Peru;America/Lima;Cotabambas;3 Westend Avenue;88046;Hills-Frami
169;Indonesia;Asia/Jakarta;Krajanbonjor;9347 Clyde Gallagher Alley;43904;Wunsch-Wisoky
170;China;Asia/Shanghai;Nanjie;80208 Columbus Crossing;48163;Toy-Reichert
171;China;Asia/Chongqing;Gaocheng;70383 Acker Crossing;72393;Parker Group
172;Indonesia;Asia/Jakarta;Lhokkruet;4451 Knutson Street;74984;Champlin LLC
173;Indonesia;Asia/Jakarta;Karangasem;365 Oak Drive;41210;Bednar, Reynolds and Herman
174;Philippines;Asia/Manila;Siraway;5 Golf Court;69621;Bauch-Lemke
175;Philippines;Asia/Manila;Bugko;0 Fairview Point;57175;Senger, Bauch and Bauch
176;China;Asia/Harbin;Tianmen;594 Cardinal Drive;47948;Stroman, Lehner and Jakubowski
177;Bosnia and Herzegovina;Europe/Sarajevo;Glamoč;6 Fair Oaks Way;79336;Hyatt LLC
178;Peru;America/Lima;Ollachea;68 Twin Pines Crossing;9113;Daniel, Murazik and Becker
179;Malaysia;Asia/Kuching;Kota Kinabalu;518 Mayer Way;16021;Vandervort-Jacobi
180;China;Asia/Harbin;Linggou;65 Lukken Avenue;74328;Keebler-Abernathy
181;Papua New Guinea;Pacific/Port_Moresby;Angoram;7 Pepper Wood Crossing;36766;Hilll-Kuhn
182;Sweden;Europe/Stockholm;Saltsjöbaden;2 Messerschmidt Hill;36053;O'Connell-Durgan
183;Philippines;Asia/Manila;Aras-asan;6607 Mosinee Park;67904;Quigley Inc
184;China;Asia/Shanghai;Rifeng;64 Westport Drive;51732;McClure, Reilly and Leffler
185;Philippines;Asia/Manila;Tranca;7647 Manufacturers Point;34068;Bauch-Dach
186;Indonesia;Asia/Jakarta;Balong Wetan;736 Chinook Pass;57576;Osinski-Nitzsche
187;Norway;Europe/Oslo;Oslo;29 5th Avenue;85282;Conn-Morar
188;Poland;Europe/Warsaw;Nekla;23 Annamark Circle;1061;Willms, Batz and Monahan
189;Madagascar;Indian/Antananarivo;Mahajanga;4627 Melrose Court;40008;Bernier Group
190;China;Asia/Chongqing;Ehen Hudag;4 Quincy Point;32333;Pagac-Stiedemann
191;China;Asia/Shanghai;Huyuan;22811 Derek Junction;17811;Watsica-Jones
192;Thailand;Asia/Bangkok;Phu Phiang;08302 Sunbrook Parkway;68106;Mueller, Johns and Beer
193;Peru;America/Lima;Quiches;7407 Dixon Point;86738;Medhurst Inc
194;China;Asia/Chongqing;Yangyong;3 Cascade Junction;85447;Wuckert-Ritchie
195;France;Europe/Paris;Montfavet;766 Maple Wood Point;11942;McClure Inc
196;Indonesia;Asia/Jakarta;Kapinango;762 Hudson Street;272;Hyatt LLC
197;Indonesia;Asia/Jakarta;Jatiprahu;25779 Buell Trail;18701;Stroman, Boyer and Yundt
198;Pakistan;Asia/Karachi;Minchinābād;19192 Muir Park;25016;Rolfson, Wisoky and Lockman
199;Indonesia;Asia/Jakarta;Tumpang Satu;24 Bartillon Trail;59251;Zulauf, Kutch and Okuneva
200;Malawi;Africa/Blantyre;Mzuzu;45410 Mayer Way;47683;Borer, Kemmer and Hamill
201;Brazil;America/Sao_Paulo;Júlio de Castilhos;253 Dunning Junction;20667;Crooks LLC
202;Indonesia;Asia/Makassar;Orong;000 Coleman Park;30824;Osinski, Leffler and Mitchell
203;Turkmenistan;Asia/Ashgabat;Atamyrat;87690 Grim Crossing;47415;Ratke Group
204;China;Asia/Chongqing;Xinxu;15 Cambridge Circle;87032;Denesik, Mueller and Metz
205;Israel;Asia/Jerusalem;Buqei‘a;20 Redwing Street;54695;Wehner-Kovacek
206;China;Asia/Chongqing;Bayan Gol;81590 Bashford Park;14526;Powlowski-Fahey
207;China;Asia/Chongqing;Baozhu;26 Heath Pass;26288;Altenwerth, Champlin and Collier
208;China;Asia/Chongqing;Xinhui;9 Rieder Alley;1361;Jast LLC
209;China;Asia/Chongqing;Chaka;07 Namekagon Court;87362;Lesch-Witting
210;Japan;Asia/Tokyo;Nihommatsu;063 Mockingbird Hill;32287;Emmerich-Kshlerin
211;Botswana;Africa/Gaborone;Palapye;79556 Vidon Plaza;74952;Bechtelar, Jakubowski and Hand
212;Czech Republic;Europe/Prague;Lysá nad Labem;1 Alpine Lane;68611;Lang-Connelly
213;Poland;Europe/Warsaw;Szprotawa;999 Pearson Drive;68713;Becker Group
214;Portugal;Europe/Lisbon;Lama;22 Banding Way;76347;Emmerich, Dickens and Ziemann
215;Belarus;Europe/Minsk;Kapyl’;1 Farragut Center;2039;Littel-Abbott
216;Mexico;America/Monterrey;Plan de Ayala;24 Caliangt Pass;84568;Roberts and Sons
217;Portugal;Africa/Accra;Ribeira Seca;4407 Muir Circle;34383;Bins, Carroll and Rolfson
218;Uzbekistan;Asia/Tashkent;Chinoz;0 Burning Wood Hill;93660;Welch and Sons
219;Indonesia;Asia/Jakarta;Salanegara;04320 Bluejay Terrace;67938;Blanda, Huels and Anderson
220;Georgia;Asia/Tbilisi;Rust’avi;53 Dixon Point;32820;Johnson, Graham and Koelpin
221;Bolivia;America/La_Paz;La Cueva;01 Kennedy Street;80108;King and Sons
222;Armenia;Asia/Yerevan;Goght’;72 Hooker Parkway;37762;Gaylord and Sons
223;Chad;Africa/Ndjamena;Dourbali;68 Oneill Hill;67270;Ernser-Quitzon
224;Philippines;Asia/Manila;Santa Maria;7 Northview Avenue;97814;Waters, Beatty and Stehr
225;Madagascar;Indian/Antananarivo;Sakaraha;0337 Jana Avenue;33918;Lowe Inc
226;Lithuania;Europe/Vilnius;Rusnė;02 Alpine Crossing;39552;Bechtelar, Roberts and Jenkins
227;Indonesia;Asia/Jakarta;Kampungmasjid;6695 Veith Lane;45183;Ferry-Swaniawski
228;Indonesia;Asia/Jakarta;Sanankerto;52614 Moulton Way;87257;Weimann, King and Collier
229;China;Asia/Shanghai;Dongyangzhen;6 Carpenter Circle;38865;Aufderhar Group
230;Sweden;Europe/Stockholm;Norrtälje;6392 Buhler Center;46037;Rempel LLC
231;China;Asia/Chongqing;Danzi;5 Laurel Drive;74919;Wilderman-Hoeger
232;France;Europe/Paris;Paris 08;9731 Westerfield Point;13151;Walker Inc
233;Spain;Europe/Madrid;Barcelona;715 Lukken Way;63779;Collins, Walker and Cronin
234;Ecuador;America/Guayaquil;Manta;869 Summit Park;36723;Barton Inc
235;Mexico;America/Mexico_City;El Refugio;308 Elmside Center;88176;Gerhold Group
236;Iran;Asia/Tehran;Jājarm;510 Waywood Terrace;55455;Schmitt-Powlowski
237;China;Asia/Shanghai;Zhoutou;8198 Randy Hill;12569;Effertz-Borer
238;Sweden;Europe/Stockholm;Alfta;273 Tennyson Plaza;72605;Metz-Roob
239;Colombia;America/Bogota;Salgar;49 Jackson Trail;48069;Bosco-Wintheiser
240;China;Asia/Chongqing;Zhangxi;2171 Mayfield Lane;60009;Welch-Corkery
241;New Zealand;Pacific/Auckland;Kaiapoi;7 Sutteridge Terrace;96666;MacGyver Inc
242;Russia;Europe/Moscow;Yartsevo;43220 Golf View Terrace;39600;Cormier LLC
243;Venezuela;America/Caracas;Obispos;806 Tony Hill;94740;Kirlin Inc
244;Finland;Europe/Helsinki;Siikajoki;3 Thierer Hill;84862;Kassulke-Mraz
245;Poland;Europe/Warsaw;Krzyżowice;60079 Blaine Terrace;76700;Stark, Osinski and Stiedemann
246;Russia;Asia/Krasnoyarsk;Kodinsk;995 Dorton Pass;17645;Bins, Powlowski and Schmidt
247;Brazil;America/Bahia;Lauro de Freitas;22542 Red Cloud Avenue;10009;Quigley, Steuber and Abbott
248;Indonesia;Asia/Makassar;Wailolung;89 Birchwood Street;70541;Feil-Runte
249;Philippines;Asia/Manila;Dobdoban;9 Columbus Road;49299;Marquardt LLC
250;China;Asia/Chongqing;Tiandu;7433 Independence Junction;63957;Schiller-Miller
251;Brazil;America/Sao_Paulo;Presidente Bernardes;923 Express Park;37493;Pagac Group
252;China;Asia/Chongqing;Nyagla;196 Meadow Ridge Lane;73033;McCullough, Balistreri and Emard
253;China;Asia/Shanghai;Wangying;9477 Pierstorff Road;25713;Bayer LLC
254;Laos;Asia/Vientiane;Bolikhan;6 Lerdahl Pass;65980;Mertz Group
255;Indonesia;Asia/Makassar;Tebara;738 Susan Plaza;11130;Hirthe, Bins and Klein
256;Indonesia;Asia/Jakarta;Pinara;343 Beilfuss Parkway;11878;Quigley Inc
257;Colombia;America/Bogota;La Dorada;148 South Street;98250;Rowe, Mraz and Spencer
258;South Africa;Africa/Johannesburg;Mtubatuba;03342 Dawn Plaza;94481;Homenick Group
259;China;Asia/Chongqing;Weiyanggong;4200 Kings Way;95165;Hessel-Gorczany
260;Niger;Africa/Niamey;Matamey;7437 Talisman Crossing;7705;Becker-Kshlerin
261;Indonesia;Asia/Jakarta;Maesan;972 Ruskin Drive;97359;Schneider and Sons
262;Brazil;America/Maceio;Coruripe;07 Shasta Lane;3559;Gerhold Inc
263;Japan;Asia/Tokyo;Sawara;936 Bultman Center;26190;Lind, Christiansen and Bode
264;Palestinian Territory;Asia/Hebron;Bayt Ta‘mar;01676 Marcy Center;21143;Gusikowski-Veum
265;China;Asia/Shanghai;Tangqian;18 Prairie Rose Parkway;92091;Grimes, Krajcik and Ratke
266;Honduras;America/Tegucigalpa;San Nicolás;864 Elgar Point;21861;Durgan-Romaguera
267;Ukraine;Europe/Kiev;Chabany;332 Esker Center;93495;Bednar, Deckow and Miller
268;Indonesia;Asia/Makassar;Riangbao;05143 Scoville Point;73271;Lockman Group
269;Russia;Asia/Yekaterinburg;Krutinka;403 Reindahl Court;6707;Kutch-Rau
270;United States;America/New_York;Dayton;292 Dovetail Plaza;74510;Hermann Inc
271;Ukraine;Europe/Uzhgorod;Staryy Dobrotvir;48271 Loftsgordon Drive;24525;Wiegand LLC
272;Russia;Asia/Pyongyang;Kraskino;71549 Fairview Way;99480;Boyer-Hegmann
273;Argentina;America/Argentina/Cordoba;Villa Dolores;623 Bluestem Street;49948;Hettinger-Hamill
274;Colombia;America/Bogota;El Cairo;346 Vernon Plaza;59686;Jaskolski, Cummings and Kling
275;Jordan;Asia/Amman;Amman;55446 Sunbrook Alley;52674;Stroman, Pacocha and Kuhlman
276;Indonesia;Asia/Makassar;Wadusari;49677 Shelley Road;64057;Runolfsson, Cruickshank and Farrell
277;China;Asia/Chongqing;Songping;0 Melby Crossing;10787;Littel, Daniel and Ritchie
278;China;Asia/Chongqing;Lingkou;30 Bonner Pass;479;Pacocha and Sons
279;Cuba;America/Havana;Esmeralda;78 Mcguire Parkway;96205;Rodriguez-Crooks
280;Philippines;Asia/Manila;Lumatil;9 Farwell Circle;84978;Lind, Lehner and Klein
281;Switzerland;Europe/Zurich;Zürich;22900 Eagan Point;72088;Cole and Sons
282;Russia;Europe/Moscow;Kovylkino;3647 Lindbergh Alley;89352;Lynch-Kuhn
283;Paraguay;America/Asuncion;Concepción;2 Washington Circle;13080;Morissette, Rosenbaum and Connelly
284;China;Asia/Shanghai;Yuqian;2361 Hanson Park;58440;Jacobs-Reichert
285;Indonesia;Asia/Jakarta;Citeureup;01 Westport Way;23947;Abernathy-Gleichner
286;Serbia;Europe/Belgrade;Smederevska Palanka;5 Menomonie Plaza;94389;Ernser, Kiehn and Thompson
287;Macedonia;Europe/Skopje;Skopje;4 Tennessee Drive;1335;Rutherford, Cassin and Gleason
288;Germany;Europe/Berlin;Hamburg Harvestehude;4 Browning Pass;15038;Walter-Kessler
289;Indonesia;Asia/Jakarta;Bucu Lor;11 Nancy Point;4739;Schroeder, Lynch and Morar
290;Czech Republic;Europe/Prague;Dobroměřice;2230 Lighthouse Bay Road;9477;Ryan-Champlin
291;China;Asia/Urumqi;Jetaral;260 Dexter Plaza;49538;Anderson, Johnston and O'Hara
292;Guatemala;America/Guatemala;San José;000 Donald Trail;6566;Sauer, Shields and Bernier
293;Azerbaijan;Asia/Baku;Naftalan;4186 Ridge Oak Park;5580;Ankunding-Graham
294;Sweden;Europe/Stockholm;Vårby;46830 Bartelt Plaza;18568;Friesen and Sons
295;Poland;Europe/Warsaw;Sosnowiec;051 Killdeer Parkway;27643;Lehner-Sauer
296;Norway;Europe/Oslo;Steinkjer;17004 New Castle Street;9521;Bernier-Hickle
297;Iran;Asia/Tehran;Omīdcheh;97 Summer Ridge Road;96291;Lemke LLC
298;Indonesia;Asia/Makassar;Limboto;3 Shelley Center;57386;Bechtelar-Stark
299;Croatia;Europe/Zagreb;Tisno;34901 Toban Point;47261;Kuhlman Group
300;Colombia;America/Bogota;Potosí;72744 Surrey Center;78816;Harvey-Kunde
301;China;Asia/Shanghai;Xichang;94 Esch Plaza;36381;Torp-Lang
302;Russia;Asia/Krasnoyarsk;Shalinskoye;6240 Heffernan Terrace;22903;Feeney, Botsford and Schmidt
303;Honduras;America/Tegucigalpa;Las Lajas;6146 Little Fleur Way;62790;Hoeger-Fay
304;Iceland;Atlantic/Reykjavik;Álftanes;38 Buhler Court;90343;Thompson, Christiansen and Mertz
305;China;Asia/Shanghai;Xibei;7 Old Gate Way;54682;Parisian and Sons
306;Philippines;Asia/Manila;San Julian;637 Bowman Parkway;17442;Grant-Weimann
307;Indonesia;Asia/Jakarta;Cimara;682 Lotheville Road;40397;Kassulke, Doyle and Boyer
308;Indonesia;Asia/Jakarta;Rancageneng Satu;66864 Pond Pass;68489;Stamm LLC
309;Dominican Republic;America/Santo_Domingo;Río Grande;0 Stephen Drive;57486;Gerlach, Rolfson and Hermiston
310;Afghanistan;Asia/Kabul;Kai;91 Graedel Terrace;81345;Carroll, Hegmann and Beer
311;China;Asia/Chongqing;Jiaokui;4 Carey Park;31758;Marquardt Inc
312;Russia;Europe/Moscow;Ventsy;9 Monterey Court;50037;Bernhard, Rogahn and Aufderhar
313;China;Asia/Shanghai;Zhaoguli;706 New Castle Circle;12167;Greenfelder-Roberts
314;Czech Republic;Europe/Prague;Radnice;892 Atwood Park;19173;Graham, Kunze and Hermiston
315;Indonesia;Asia/Jakarta;Dawung;5 Blackbird Junction;14696;Bins LLC
316;Mexico;America/Mexico_City;Buenavista;8638 Talisman Street;37591;Batz, Kertzmann and Gulgowski
317;Peru;America/Lima;Catache;91418 Hooker Place;85793;Grady LLC
318;Philippines;Asia/Manila;Lañgub;9 Bowman Drive;2951;Spencer, Kunze and Raynor
319;Portugal;Europe/Lisbon;Baguim do Monte;2493 Reindahl Lane;7980;Powlowski-Friesen
320;China;Asia/Chongqing;Daping;3 Debra Court;30536;Doyle and Sons
321;China;Asia/Shanghai;Mashan;84 Springview Junction;56101;Hermiston, O'Kon and Rogahn
322;Russia;Asia/Irkutsk;Kuanda;9 Pennsylvania Terrace;50944;Rohan LLC
323;Vietnam;Asia/Ho_Chi_Minh;U Minh;6964 Chive Court;96194;Murphy Inc
324;Philippines;Asia/Manila;Kaligutan;76 Fisk Avenue;48697;Yost, Runolfsdottir and Krajcik
325;Ukraine;Europe/Uzhgorod;Zhvanets;2 Trailsway Circle;13594;Funk-Johnston
326;Peru;America/Lima;Catache;445 Chinook Drive;21573;Wolff and Sons
327;Mongolia;Asia/Ulaanbaatar;Doloon;01 Mitchell Center;66526;Rippin-Terry
328;China;Asia/Shanghai;Longquan;6 Farwell Hill;77663;Jast-Wiza
329;China;Asia/Chongqing;Wulong;3 Paget Park;73201;Kreiger, Padberg and Kuhic
330;Serbia;Europe/Belgrade;Radenković;09303 Jenifer Street;33789;Nitzsche, Deckow and Yundt
331;China;Asia/Shanghai;Dingqiao;98 Summerview Crossing;25209;Hodkiewicz-Goodwin
332;Russia;Europe/Moscow;Ukhta;86 Gulseth Place;38595;Hessel Group
333;Afghanistan;Asia/Kabul;Qal‘ah-ye Shahr;5229 Novick Trail;47169;Eichmann, Sporer and Ruecker
334;Croatia;Europe/Zagreb;Galižana;11483 Caliangt Park;46418;Osinski Group
335;Belgium;Europe/Brussels;Gent;0187 Shelley Road;72878;Bins-Crona
336;Russia;Europe/Moscow;Pskov;8907 1st Way;27502;Stroman, Kemmer and Crona
337;France;Europe/Paris;Charleville-Mézières;17300 Jackson Point;86066;Schulist-Stroman
338;Colombia;America/Bogota;Pelaya;840 Eggendart Place;77181;Beer-Spinka
339;Philippines;Asia/Manila;Gasan;2237 Forest Park;32035;Wilkinson-Langworth
340;Afghanistan;Asia/Kabul;Baghlān;79 Carioca Pass;90330;Kunde and Sons
341;Indonesia;Asia/Jakarta;Jampang Kulon;03171 Boyd Terrace;34697;Brown Inc
342;China;Asia/Chongqing;Guanzhuang;96967 Saint Paul Street;48699;Gottlieb, Altenwerth and Daniel
343;Egypt;Africa/Cairo;Al Khānkah;11 Forest Run Street;35606;Lockman Inc
344;Afghanistan;Asia/Dushanbe;‘Alāqahdārī Kirān wa Munjān;888 Dottie Center;34174;Schimmel, Keeling and Terry
345;Myanmar;Asia/Rangoon;Mawlaik;5967 Dwight Center;78842;Kuphal-Ferry
346;China;Asia/Shanghai;Fulong;28 Karstens Road;38832;Barrows, Anderson and Cronin
347;China;Asia/Chongqing;Dingjia;8989 Waywood Hill;32885;Sipes-Braun
348;Russia;Europe/Moscow;Krasnoye;1 Shelley Plaza;75108;Koch-Rath
349;China;Asia/Shanghai;Liuzikou;03917 Shasta Junction;51531;Huels-Toy
350;Malaysia;Asia/Kuala_Lumpur;Kuantan;2 Dapin Center;17438;Sauer, King and Vandervort
351;China;Asia/Shanghai;Hexi;76980 Fremont Circle;47820;Littel, Wuckert and Krajcik
352;Dominican Republic;America/Santo_Domingo;El Pino;7017 Birchwood Place;5339;Larkin-Wintheiser
353;China;Asia/Chongqing;Jinli;3305 Sommers Drive;22006;Hilpert, Rau and Bahringer
354;Indonesia;Asia/Makassar;Maunggora;46577 Morrow Way;5633;Maggio, Braun and Hartmann
355;Russia;Asia/Yekaterinburg;Poykovskiy;8662 Chinook Way;93597;Rohan, Rippin and Hand
356;United States;America/Denver;El Paso;543 Sunbrook Crossing;53882;Ernser LLC
357;Cuba;America/Havana;Mariel;2257 Cascade Circle;10239;Bernier-Baumbach
358;Poland;Europe/Warsaw;Warlubie;9 Morningstar Hill;78144;Balistreri-Rogahn
359;Ukraine;Europe/Zaporozhye;Oleksandriya;66394 Doe Crossing Terrace;54463;Crist-Goodwin
360;Russia;Europe/Moscow;Ugra;70303 Buell Plaza;7890;Smith-Feeney
361;China;Asia/Shanghai;Chengbei;8098 Cottonwood Street;33508;Smith-Skiles
362;Philippines;Asia/Manila;Kipit;456 Kennedy Court;54900;Stokes Inc
363;Brazil;America/Sao_Paulo;Marialva;3 Bobwhite Parkway;96917;Schumm, Bayer and Lakin
364;Thailand;Asia/Bangkok;Phu Phiang;011 Kinsman Terrace;25939;Davis LLC
365;Indonesia;Asia/Makassar;Labuhansumbawa;814 Debs Parkway;3978;Gibson, Willms and Herzog
366;Brazil;America/Santarem;Abaetetuba;0 Ronald Regan Pass;81498;Emmerich, Franecki and Gutmann
367;Argentina;America/Argentina/Buenos_Aires;Carlos Tejedor;3 Declaration Court;76092;Champlin, King and Marks
368;Madagascar;Indian/Antananarivo;Mananara;75 Knutson Crossing;81194;Wiegand, Predovic and Walsh
369;Philippines;Asia/Manila;Biliran;903 Maryland Alley;84676;Hauck-Gerlach
370;Zambia;Africa/Blantyre;Lundazi;083 Hauk Drive;45678;Huels LLC
371;Russia;Europe/Moscow;Rodnikovskaya;5075 Shopko Park;68811;Larson, Walker and Howell
372;Armenia;Asia/Yerevan;Ushi;19932 Sherman Alley;44514;Jones-Stanton
373;Serbia;Europe/Belgrade;Novi Beograd;73 Hagan Parkway;60865;Abshire-Olson
374;China;Asia/Harbin;Dadianzi;32 Sage Point;87232;Hermiston Group
375;Japan;Asia/Tokyo;Saiki;05461 Dovetail Point;61756;Reynolds-Aufderhar
376;Indonesia;Asia/Jakarta;Gesikan;932 Arizona Alley;82718;Streich and Sons
377;Philippines;Asia/Manila;Magallanes;61483 Talisman Park;98667;Christiansen, Cummings and Hahn
378;Ukraine;Europe/Kiev;Novohrad-Volyns’kyy;13383 Eagan Avenue;11208;Goldner, Quigley and Stroman
379;Czech Republic;Europe/Prague;Včelná;17687 Wayridge Parkway;35727;Denesik, Nolan and Schmidt
380;China;Asia/Chongqing;Fengyi;36 Shasta Point;27231;Sporer Inc
381;Philippines;Asia/Manila;Bulu;99786 Mcbride Place;27374;Wolf-Gulgowski
382;Argentina;America/Argentina/Buenos_Aires;Luján;53 5th Circle;92949;Fahey LLC
383;Uruguay;America/Montevideo;Castillos;45911 Scofield Hill;41641;Keeling, Bergnaum and Wuckert
384;Poland;Europe/Warsaw;Kępice;5 Rieder Alley;99947;Goyette and Sons
385;China;Asia/Chongqing;Niushou;3 Vermont Place;71813;Maggio Group
386;Pakistan;Asia/Kabul;Parachinar;75 Becker Junction;70295;Boyle, Shanahan and Bosco
387;China;Asia/Shanghai;Hengduo;22 Starling Way;13006;Hayes, Ferry and Padberg
388;Russia;Asia/Vladivostok;Livadiya;0836 Prairieview Pass;76749;Kris and Sons
389;China;Asia/Chongqing;Chiba;04384 Emmet Plaza;3386;Haley-Rolfson
390;Kenya;Africa/Kampala;Busia;6380 Fallview Court;26996;Ankunding, Runte and Veum
391;Russia;Europe/Moscow;Kronshtadt;9 Ryan Crossing;59639;Medhurst-Lebsack
392;Australia;Australia/Adelaide;Adelaide Mail Centre;5478 Hintze Crossing;87925;Greenfelder Inc
393;Philippines;Asia/Manila;Capulaan;77 Golf Avenue;38517;Altenwerth Group
394;Egypt;Africa/Cairo;Kawm Umbū;482 Eggendart Avenue;50776;Walter, Prohaska and Bode
395;Colombia;America/Bogota;Molagavita;8227 Knutson Court;92938;Mohr, Von and Prosacco
396;Canada;America/Edmonton;Lloydminster;2 Esch Point;50438;Hyatt and Sons
397;Russia;Asia/Krasnoyarsk;Severo-Yeniseyskiy;80 Canary Avenue;43879;Ledner, Lueilwitz and Streich
398;Pakistan;Asia/Karachi;Risālpur;4922 Farragut Crossing;66998;Moen and Sons
399;United States;America/Los_Angeles;Pasadena;2 Sunfield Crossing;29770;Lubowitz-Purdy
400;Tanzania;Africa/Dar_es_Salaam;Ifakara;4 Waxwing Alley;4613;Simonis Group
401;Thailand;Asia/Bangkok;Saba Yoi;916 Acker Pass;74811;Zboncak and Sons
402;Indonesia;Asia/Jakarta;Langensari;57 Trailsway Lane;724;Veum and Sons
403;South Africa;Africa/Johannesburg;Senekal;27991 Mayfield Crossing;54114;Hoeger-Nitzsche
404;Mauritius;Indian/Mauritius;Goodlands;32 Bluestem Trail;94728;Runte-Wiegand
405;Sweden;Europe/Stockholm;Kolmården;90 Lerdahl Drive;78562;Reynolds Inc
406;Peru;America/Lima;Cerro de Pasco;3 Mccormick Avenue;74163;Jerde-Hayes
407;Malaysia;Asia/Kuala_Lumpur;Bandar Pusat Jengka;27579 Crowley Drive;97037;Jacobi, Brakus and Bernhard
408;Philippines;Asia/Manila;Panikian;3 Crownhardt Road;56159;Zulauf, Macejkovic and Hackett
409;China;Asia/Shanghai;Cangzhou;97060 Westerfield Way;10889;D'Amore, Kutch and Davis
410;United States;America/New_York;Philadelphia;060 Ruskin Trail;84963;Boehm-Koelpin
411;Nigeria;Africa/Lagos;Malumfashi;6601 Graceland Court;18871;Hudson Group
412;Russia;Europe/Moscow;Kolyubakino;76 Acker Court;57937;Barton LLC
413;Argentina;America/Argentina/Cordoba;Jesús María;5480 Reinke Trail;34026;Kulas Inc
414;China;Asia/Shanghai;Xiushi;81909 Miller Street;64299;Goldner, Macejkovic and Lang
415;France;Europe/Paris;Ploemeur;067 Debra Lane;10688;Keebler-Rolfson
416;China;Asia/Shanghai;Rixi;87939 Dottie Alley;56470;Keebler Group
417;Turkmenistan;Asia/Ashgabat;Atamyrat;891 American Circle;13792;Buckridge and Sons
418;Ukraine;Europe/Uzhgorod;Stari Kuty;23 Truax Street;74640;Rippin-Streich
419;Sweden;Europe/Stockholm;Storvik;25496 Meadow Vale Alley;76576;Hudson, Kunze and Hermiston
420;United States;America/New_York;Jacksonville;55 Dennis Terrace;44192;Bailey-Keebler
421;Serbia;Europe/Belgrade;Golubac;79139 Hayes Avenue;58190;Rogahn LLC
422;China;Asia/Chongqing;Jun’an;00915 Schiller Place;40746;Ernser-Cole
423;China;Asia/Shanghai;Dajianchang;62 Algoma Crossing;30482;Hoppe, Robel and Crona
424;Iran;Asia/Tehran;Āshtīān;2 Sundown Circle;47973;Brakus-Pagac
425;Ukraine;Europe/Simferopol;Karolino-Buhaz;6417 Scott Parkway;85826;Bergnaum, Flatley and Oberbrunner
426;Indonesia;Asia/Jakarta;Pakel;62884 Debra Trail;7161;Walker LLC
427;Chile;America/Santiago;Lebu;32652 Commercial Alley;11991;Kuhn LLC
428;Peru;America/Lima;La Oroya;0258 Gina Drive;64401;Olson-Bruen
429;Sweden;Europe/Stockholm;Kilafors;9084 Dottie Center;10927;Lubowitz, Pfannerstill and Goyette
430;China;Asia/Chongqing;Guanqiao;1 Moulton Junction;14182;Hane, Kessler and Smith
431;Ecuador;America/Guayaquil;Machachi;0 Old Gate Park;15527;Senger, Vandervort and Bartell
432;Russia;Europe/Moscow;Kronshtadt;0253 Garrison Hill;60464;Beatty and Sons
433;Peru;America/Lima;Pomacocha;9 Stuart Drive;69348;Feeney and Sons
434;China;Asia/Chongqing;Guang’an;5702 Scott Alley;89568;Sauer, Heidenreich and Zulauf
435;Moldova;Europe/Chisinau;Cimişlia;66 Donald Plaza;23383;King Inc
436;Thailand;Asia/Bangkok;Khueang Nai;2564 Mayer Street;16813;Kulas and Sons
437;Philippines;Asia/Manila;Pio Duran;75 Starling Parkway;66185;Cole-Wisoky
438;France;Europe/Paris;Marne-la-Vallée;103 Hollow Ridge Pass;86477;Gibson, Conroy and Schmeler
439;United States;America/Chicago;Lincoln;69030 Schmedeman Place;35109;Pfannerstill-Bins
440;Indonesia;Asia/Jakarta;Pugeran;17426 Karstens Park;27939;Kutch Inc
441;Finland;Europe/Helsinki;Pertunmaa;2685 Melby Crossing;19122;Rodriguez Inc
442;Indonesia;Asia/Makassar;Putun;256 Independence Drive;29724;Robel and Sons
443;Indonesia;Asia/Makassar;Bentengjawa;5 Goodland Avenue;16589;Doyle-Haag
444;Colombia;America/Bogota;El Copey;900 Donald Pass;73614;Little and Sons
445;Nicaragua;America/Managua;Río Blanco;93060 Hooker Park;99151;Reynolds LLC
446;China;Asia/Chongqing;Hejiang;45 Barnett Street;52206;Lowe, King and DuBuque
447;China;Asia/Chongqing;Yandian;1849 Buena Vista Center;29350;Turcotte, Feest and Johns
448;Russia;Europe/Moscow;Leninogorsk;086 Chinook Trail;5045;Cartwright, Grant and Jacobi
449;China;Asia/Harbin;Nanpiao;6 Clemons Drive;36150;Witting, DuBuque and Considine
450;Philippines;Asia/Manila;Siocon;322 Village Alley;15416;Harvey-Zboncak
451;China;Asia/Kashgar;Lop;83178 Burrows Street;94713;Roob Group
452;China;Asia/Chongqing;Nanping;92 Westridge Place;48017;Mante, Schulist and Lang
453;United States;America/Los_Angeles;Portland;6 Moose Drive;83655;Spinka LLC
454;China;Asia/Chongqing;Bashan;786 Kings Hill;87247;Hayes Inc
455;Luxembourg;Europe/Brussels;Steinfort;0 Eagle Crest Plaza;89513;Kerluke, Morar and Corkery
456;Peru;America/Lima;Ollantaytambo;1 Longview Junction;89461;O'Conner-Emmerich
457;China;Asia/Shanghai;Xiaojian;00000 Arrowood Point;16834;Ziemann, Schinner and Bayer
458;China;Asia/Chongqing;Huaqiao;31 Kensington Circle;25185;Hoppe-Vandervort
459;Thailand;Asia/Bangkok;Nam Khun;11011 Everett Circle;12084;Wilderman-Batz
460;United States;America/Chicago;Shreveport;9 Hansons Lane;21306;Mayert, Buckridge and Wyman
461;Ukraine;Europe/Kiev;Zhuravka;912 Gerald Center;83200;Heathcote Group
462;Philippines;Asia/Manila;Kipit;0 Kipling Court;15770;Stamm LLC
463;Estonia;Europe/Tallinn;Tabasalu;43 Barnett Circle;10238;Gottlieb and Sons
464;Portugal;Europe/Lisbon;Reguenga;6046 Rockefeller Way;69540;Carroll, O'Hara and Shields
465;Japan;Asia/Tokyo;Wako;21 Shelley Drive;75213;Hane, Yost and Huel
466;Finland;Europe/Helsinki;Kihniö;896 Bultman Trail;20671;Larson, Hermiston and Blanda
467;Brazil;America/Sao_Paulo;Guaramirim;2779 Raven Circle;10554;Anderson-Lesch
468;Czech Republic;Europe/Prague;Bystré;85 Burning Wood Place;34102;Goldner LLC
469;Greece;Europe/Athens;Grevená;96209 Schlimgen Alley;62386;Kiehn, Thiel and Bechtelar
470;Czech Republic;Europe/Prague;Zdice;23 Meadow Valley Road;20303;Jakubowski, Schinner and Frami
471;Czech Republic;Europe/Prague;Psáry;1 Ridgeway Place;22878;Schultz Inc
472;Russia;Europe/Moscow;Lakhdenpokh’ya;8 Lerdahl Parkway;87306;Emmerich Group
473;Indonesia;Asia/Jakarta;Biyan;71390 Tony Road;71826;Connelly Group
474;China;Asia/Chongqing;Dengfang;22 Mesta Alley;84249;Veum-Halvorson
475;China;Asia/Harbin;Tongda;6790 Eggendart Point;61822;Braun, Bradtke and Abernathy
476;China;Asia/Chongqing;Fengyuan;35710 Algoma Drive;16069;Wunsch Group
477;Poland;Europe/Warsaw;Trzemeszno;56052 Fairview Street;64805;Legros-Schiller
478;Portugal;Europe/Lisbon;Monção;48776 6th Way;88336;Mosciski and Sons
479;Peru;America/Lima;Honoria;76 Mariners Cove Circle;29933;Graham Inc
480;Russia;Europe/Moscow;Vsevolozhsk;98 Anderson Hill;14244;Turcotte LLC
481;Poland;Europe/Warsaw;Grabów nad Prosną;81 Hooker Junction;4291;Shields LLC
482;Poland;Europe/Warsaw;Siedlce;335 Lyons Terrace;44455;Rempel Inc
483;Sweden;Europe/Stockholm;Sundbyberg;01659 Fisk Terrace;22452;Champlin and Sons
484;Croatia;Europe/Zagreb;Jastrebarsko;741 Corscot Way;65787;Rogahn-Effertz
485;Ukraine;Europe/Kiev;Obukhiv;2455 Caliangt Lane;18940;Keeling, Witting and Littel
486;South Africa;Africa/Johannesburg;Cala;0784 Welch Court;67075;Shields-Tremblay
487;Moldova;Europe/Chisinau;Soroca;26954 Doe Crossing Park;35440;Cruickshank and Sons
488;Costa Rica;America/Costa_Rica;San Vicente;0 Kenwood Trail;45772;Wilkinson LLC
489;Serbia;Europe/Belgrade;Užice;38024 Messerschmidt Parkway;21502;Douglas, Durgan and Dickens
490;Indonesia;Asia/Jakarta;Badean;177 Birchwood Place;21181;Reinger and Sons
491;Albania;Europe/Tirane;Cerava;48 Moulton Drive;4160;DuBuque-Jacobi
492;Norway;Europe/Oslo;Oslo;6 Wayridge Way;81039;Hand-Herzog
493;South Africa;Africa/Johannesburg;Kraaifontein;63 Dahle Place;90973;Hagenes, Larkin and Weissnat
494;Philippines;Asia/Manila;Pagatin;105 Anzinger Park;14389;Leffler and Sons
495;China;Asia/Chongqing;Cikai;0478 Monica Pass;90600;Koelpin, Schumm and Bayer
496;Australia;Australia/Sydney;Sydney;14640 Esker Hill;62141;O'Reilly, Quigley and Okuneva
497;Indonesia;Asia/Jakarta;Selajambe Satu;36841 Marcy Point;20311;Lesch Group
498;Indonesia;Asia/Makassar;Pohonsirih;728 Rockefeller Court;91529;Padberg Group
499;Russia;Asia/Yekaterinburg;Sysert’;956 Lakeland Avenue;19499;Olson, Littel and Feil
500;Russia;Europe/Moscow;Kalinovskoye;779 Lakewood Gardens Street;87643;Williamson and Sons
501;Mexico;America/Mexico_City;La Esperanza;96686 Bashford Park;61202;Wiza-Littel
502;Colombia;America/Bogota;Arjona;90027 Fisk Terrace;67045;Bogisich-Spencer
503;Sweden;Europe/Stockholm;Östhammar;58087 Hoffman Avenue;77290;Altenwerth, Ebert and Abshire
504;China;Asia/Harbin;Boli;4896 Kingsford Crossing;34610;Kihn and Sons
505;Panama;America/Panama;David;280 Pankratz Trail;67600;Barrows-Murray
506;China;Asia/Harbin;Ke’erlun;22162 Fulton Way;6410;Christiansen-O'Kon
507;China;Asia/Shanghai;Sui’an;613 Mesta Pass;65144;Turner LLC
508;Norway;Europe/Oslo;Stavanger;720 Clove Drive;17652;Leannon Inc
509;Portugal;Europe/Lisbon;Zambujeira do Mar;692 Parkside Crossing;96145;Baumbach, Nader and Kris
510;Portugal;Europe/Lisbon;Tabuadelo;935 Florence Way;74063;Zemlak Group
511;Peru;America/Lima;Hualmay;370 Huxley Trail;32474;Casper, Greenfelder and Cummings
512;Brazil;America/Maceio;Propriá;3 Memorial Street;93289;Hessel and Sons
513;France;Europe/Paris;Paris La Défense;6570 Florence Street;91143;Von-Rowe
514;Belarus;Europe/Minsk;Mstsislaw;64 La Follette Alley;65665;Hammes-Dare
515;China;Asia/Chongqing;Leiwang;5433 Thierer Plaza;18595;Ziemann LLC
516;Paraguay;America/Asuncion;Yaguarón;262 Oak Point;77247;Paucek, Hilpert and Schimmel
517;Indonesia;Asia/Jakarta;Rengat;9604 Ronald Regan Court;35579;Weber LLC
518;Greece;Europe/Athens;Ampelákia;131 Hermina Road;57913;McClure-Gibson
519;Bangladesh;Asia/Dhaka;Nageswari;49424 Monterey Center;12261;Kemmer-Daniel
520;Croatia;Europe/Zagreb;Omišalj;292 Onsgard Trail;38557;Gislason, Grant and Robel
521;Honduras;America/Tegucigalpa;Guacamaya;30 Shoshone Court;91374;Ziemann, Schaefer and Gerhold
522;Sweden;Europe/Stockholm;Umeå;4 Golf Point;89272;Kuhic LLC
523;China;Asia/Chongqing;Wushan;5 Messerschmidt Avenue;71594;Hand, Schulist and Gerhold
524;Peru;America/Lima;Sacsamarca;1631 Scofield Plaza;13083;Crooks-Grimes
525;Haiti;America/Port-au-Prince;Grangwav;8 Waubesa Junction;65391;Steuber and Sons
526;Poland;Europe/Warsaw;Przytyk;7 Nobel Lane;97491;Dicki-McLaughlin
527;Philippines;Asia/Manila;Biao;241 Bunker Hill Way;74738;Prosacco Inc
528;Russia;Europe/Volgograd;Nizhniy Chir;8 Hooker Alley;66745;Jast-Dooley
529;Portugal;Europe/Lisbon;Quinta do Anjo;9 Macpherson Junction;39185;O'Hara, Heathcote and Hills
530;China;Asia/Shanghai;Gaomiaoji;286 Fallview Drive;62620;Cole, Konopelski and Little
531;China;Asia/Shanghai;Yangxu;04295 Arizona Junction;63799;Anderson-Feest
532;Indonesia;Asia/Jakarta;Rundeng;488 Merrick Hill;2968;Lueilwitz Inc
533;China;Asia/Chongqing;Shijiao;450 Blue Bill Park Road;76428;Christiansen-Block
534;Brazil;America/Manaus;São Gabriel da Cachoeira;1 Judy Park;78724;Kreiger-Thiel
535;United States;America/Chicago;Chicago;38 Becker Circle;99598;Pouros LLC
536;Thailand;Asia/Bangkok;Khu Khan;1012 Novick Alley;73025;VonRueden, Bashirian and Stark
537;France;Europe/Paris;Saint-Priest;3 Havey Street;73094;Koepp-Littel
538;Democratic Republic of the Congo;Africa/Kinshasa;Gbadolite;4884 Thackeray Alley;52076;Ankunding LLC
539;North Korea;Asia/Pyongyang;Sinanju;5 Kings Parkway;35499;Gaylord, Kreiger and Wilderman
540;Pakistan;Asia/Karachi;Kalāt;063 Derek Court;47242;Boehm-Terry
541;Russia;Europe/Moscow;Krasnaya Poyma;5437 Atwood Drive;8859;Langworth Inc
542;Sweden;Europe/Stockholm;Enköping;9 Waxwing Drive;7903;Bailey, Harber and Barrows
543;Philippines;Asia/Manila;Aanislag;5 Bashford Avenue;11968;Weber Inc
544;Mongolia;Asia/Ulaanbaatar;Öndörhoshuu;924 Erie Circle;20796;McLaughlin, Waelchi and Adams
545;Indonesia;Asia/Jakarta;Lukrejo;9 Mccormick Court;36298;Powlowski, Runolfsson and Eichmann
546;Bosnia and Herzegovina;Europe/Sarajevo;Bosanski Novi;2599 Corry Circle;3555;Jenkins and Sons
547;Indonesia;Asia/Makassar;Batutua;691 Bunting Avenue;36818;Larson-Goyette
548;Azerbaijan;Asia/Baku;Bilajer;15615 Melvin Hill;51491;McClure-Fisher
549;Poland;Europe/Warsaw;Łubnice;77 Crownhardt Park;12166;Wisozk Group
550;United States;America/Chicago;Naperville;056 Continental Lane;91995;Oberbrunner Group
551;China;Asia/Chongqing;Lengshuitan;03 Garrison Parkway;28647;Feest-Botsford
552;United Arab Emirates;Asia/Dubai;Ajman;175 Blue Bill Park Park;47602;Dach, Murphy and Greenholt
553;Indonesia;Asia/Makassar;Tomohon;1 Westport Street;23515;Strosin LLC
554;Indonesia;Asia/Makassar;Bayuwan;26 Merrick Way;82769;Schneider LLC
555;Iraq;Asia/Baghdad;Mosul;4 Tomscot Circle;16252;Crooks, Rice and Pfeffer
556;France;Europe/Paris;Lille;0681 Portage Pass;98254;Balistreri, Swift and Hudson
557;China;Asia/Harbin;Baojia;81 Green Ridge Circle;87326;Hills Inc
558;China;Asia/Chongqing;Xinle;85879 Mariners Cove Circle;85924;Ortiz, Franecki and Stokes
559;China;Asia/Harbin;Wanghu;543 Crescent Oaks Alley;75983;Ebert Inc
560;Poland;Europe/Warsaw;Radocza;7 Marquette Road;67386;Orn-Schaden
561;France;Europe/Paris;Sélestat;310 Eastlawn Terrace;15590;Welch, Rosenbaum and O'Kon
562;Japan;Asia/Tokyo;Ueno;61 Meadow Ridge Drive;49623;Kub LLC
563;Finland;Europe/Helsinki;Joroinen;18 Sunnyside Place;33754;Kohler, Roberts and Nicolas
564;China;Asia/Shanghai;Luofang;94 Division Place;7713;Graham-Kutch
565;Malaysia;Asia/Kuala_Lumpur;Melaka;42 Saint Paul Road;13072;Pacocha and Sons
566;Pakistan;Asia/Karachi;Shāhpur;2 Schmedeman Drive;61705;Corkery-Hoppe
567;Indonesia;Asia/Jakarta;Bago;5462 Northland Road;68792;Gusikowski-Flatley
568;United States;America/New_York;Chesapeake;3516 Ridge Oak Avenue;79362;Kassulke, Konopelski and Spinka
569;South Africa;Africa/Johannesburg;KwaMbonambi;706 Emmet Pass;43565;Harvey Group
570;China;Asia/Harbin;Minzheng;1 Green Ridge Park;30379;Morissette-Cronin
571;Brazil;America/Bahia;Xique Xique;3 Crownhardt Pass;37637;Ondricka, Herzog and Purdy
572;Bolivia;America/La_Paz;Mairana;91996 Corscot Parkway;7649;Dicki Inc
573;China;Asia/Shanghai;Guyang;47 Sundown Drive;19039;Schuster Group
574;China;Asia/Kashgar;Tierimu;120 Pennsylvania Center;6768;Schowalter, Casper and Davis
575;Indonesia;Asia/Jakarta;Tugu;38712 Cascade Pass;88563;Crooks, Mueller and O'Conner
576;Indonesia;Asia/Jakarta;Margoyoso;834 Boyd Court;88278;Leffler, Brakus and Reynolds
577;China;Asia/Chongqing;Caoping;409 Karstens Crossing;24210;Cronin, Treutel and Flatley
578;Russia;Asia/Irkutsk;Novyy Uoyan;76305 Autumn Leaf Place;98026;Kuhlman-Stroman
579;Cuba;America/Havana;Centro Habana;65657 Golf Place;49031;Cruickshank-Hintz
580;Indonesia;Asia/Jakarta;Kedungwaru;8 Fair Oaks Hill;11498;Streich-Yost
581;Indonesia;Asia/Makassar;Masebewa;0 Autumn Leaf Place;80471;Turcotte-Keeling
582;China;Asia/Chongqing;Jiaoshanhe;4 Westridge Crossing;71183;Wehner LLC
583;China;Asia/Harbin;Daluo;7 Buhler Parkway;80301;Grimes-Bayer
584;Ukraine;Europe/Kiev;Vasylkiv;5740 Kinsman Circle;4226;Nolan LLC
585;Mongolia;Asia/Ulaanbaatar;Buga;8 Saint Paul Junction;28330;Donnelly-Jenkins
586;Peru;America/Lima;Yunga;72 Superior Center;83604;Hodkiewicz-Balistreri
587;Pakistan;Asia/Karachi;Chambar;6969 Tennessee Plaza;69409;Daniel LLC
588;Brazil;America/Sao_Paulo;Piúma;62193 Shasta Avenue;27206;Williamson, Parisian and Douglas
589;China;Asia/Shanghai;Xinfeng;376 Gateway Court;17921;Block Inc
590;Portugal;Europe/Lisbon;Quintã;4 Saint Paul Court;6484;Heaney, Kovacek and Grimes
591;China;Asia/Shanghai;Shikeng;29145 Reinke Point;36095;Cronin-Gerlach
592;Sierra Leone;Africa/Freetown;Binkolo;7 Victoria Hill;76573;Lueilwitz-Erdman
593;Japan;Asia/Tokyo;Yoshikawa;5186 Main Lane;9555;Tillman-Hammes
594;Finland;Europe/Helsinki;Kuhmalahti;6407 Sutherland Street;49448;Marvin Inc
595;Thailand;Asia/Bangkok;Khlong Toei;417 Amoth Center;47956;Turner LLC
596;Poland;Europe/Warsaw;Stryszawa;028 Nova Street;22293;Yost, Metz and Cassin
597;Jamaica;America/Jamaica;Yallahs;894 Nelson Parkway;38146;Kuvalis-Jerde
598;Portugal;Europe/Lisbon;Custóias;8806 Crownhardt Park;77481;Crooks-Waters
599;Philippines;Asia/Manila;Motrico;62177 Quincy Crossing;60019;Purdy-Collier
600;Brazil;America/Santarem;Altamira;5543 Hazelcrest Junction;12192;Pacocha-Mertz
601;Mexico;America/Mexico_City;La Soledad;75 Forster Avenue;80703;Stehr, Bogan and Schulist
602;Indonesia;Asia/Jakarta;Sumberrejo;46040 Leroy Alley;41160;Kassulke, Jast and Heller
603;China;Asia/Chongqing;Huangkeng;8 Montana Way;28662;Larson, Lehner and Schumm
604;Portugal;Europe/Lisbon;Porto Alto;465 Cambridge Point;40804;Mayer, Keebler and Smitham
605;Israel;Asia/Jerusalem;Ramat Gan;60 Pine View Lane;18953;Durgan and Sons
606;Poland;Europe/Warsaw;Dobra;2 Carioca Center;14496;Beahan-Quitzon
607;China;Asia/Shanghai;Longtian;30 Onsgard Way;57787;Collier Group
608;China;Asia/Chongqing;Wufeng;6 Becker Park;62048;Wilkinson Group
609;Thailand;Asia/Bangkok;Mae Lao;625 Springs Trail;8507;Kautzer-Watsica
610;Cuba;America/Havana;Minas de Matahambre;15484 Katie Crossing;35513;Reynolds LLC
611;Vietnam;Asia/Ho_Chi_Minh;Ia Kha;98825 Lukken Trail;74473;Rippin Group
612;China;Asia/Chongqing;Xundian;10 Birchwood Point;58022;Abshire Group
613;Brazil;America/Sao_Paulo;Campinas;7 Chinook Avenue;95039;Ferry LLC
614;Reunion;Indian/Reunion;Saint-Pierre;1 Butternut Court;65047;Roob, Auer and Jast
615;China;Asia/Harbin;Talin Hiag;5423 Express Terrace;59089;Toy-Mann
616;China;Asia/Harbin;Hongqi Yingzi;15 Emmet Point;22410;Satterfield and Sons
617;Indonesia;Asia/Jayapura;Sorong;8074 Nelson Alley;31275;Runolfsson-Lynch
618;Russia;Asia/Vladivostok;Vanino;69 Union Alley;54340;Kertzmann, Gleason and Hammes
619;Colombia;America/Bogota;Guamal;8374 Atwood Road;11071;Murphy, Hegmann and Trantow
620;Indonesia;Asia/Jakarta;Mandeman Daya;6082 Hayes Junction;66433;Greenholt Inc
621;Colombia;America/Bogota;Curumaní;62 Main Place;15816;Lubowitz and Sons
622;China;Asia/Chongqing;Shanglaxiu;0 Summerview Junction;95553;Terry LLC
623;Russia;Asia/Yekaterinburg;Krasnokholmskiy;33828 Lunder Terrace;49893;Streich Group
624;Albania;Europe/Tirane;Krrabë;76617 Clyde Gallagher Center;85052;Feil LLC
625;Indonesia;Asia/Makassar;Banjar Parekan;963 Arizona Street;80728;Ullrich, Altenwerth and Glover
626;Poland;Europe/Warsaw;Uście Gorlickie;06 Meadow Ridge Park;63299;Brakus-Trantow
627;Brazil;America/Sao_Paulo;Montenegro;9658 Crownhardt Street;19460;Aufderhar, Farrell and Hettinger
628;China;Asia/Shanghai;Guangfu;2201 Esker Crossing;69362;Jacobson, Lynch and Emmerich
629;Sweden;Europe/Stockholm;Helsingborg;20899 Briar Crest Circle;3525;Stiedemann-Reinger
630;Philippines;Asia/Manila;Totolan;2 Orin Trail;58867;Brakus, Zemlak and Leannon
631;China;Asia/Chongqing;Huangjia;61534 Forest Dale Parkway;59568;Rath LLC
632;Philippines;Asia/Manila;Ilagan;95494 Heffernan Park;48804;Beahan LLC
633;Indonesia;Asia/Makassar;Talon;6733 Monica Place;85784;Muller, Schiller and Fisher
634;Indonesia;Asia/Jakarta;Jangkungkusumo;2056 Twin Pines Avenue;58304;Harris-O'Connell
635;Ukraine;Europe/Kiev;Tyvriv;705 Hansons Parkway;35272;Terry, Romaguera and Zemlak
636;Madagascar;Indian/Antananarivo;Antalaha;92 Manufacturers Junction;87380;Boyer, Ledner and Hudson
637;China;Asia/Shanghai;Bai’e;584 Talmadge Terrace;14811;Hane, Effertz and Yost
638;Netherlands;Europe/Amsterdam;Zwolle;98617 Blaine Parkway;41573;Gutmann LLC
639;Indonesia;Asia/Jakarta;Jajarkrajan;6714 3rd Court;5343;Feeney, McCullough and Daugherty
640;Brazil;America/Fortaleza;União;29 Mcguire Parkway;12995;Koch, Denesik and Lebsack
641;Spain;Europe/Madrid;Pamplona/Iruña;42 Tomscot Lane;64456;Wuckert, Wyman and Harris
642;Palestinian Territory;Asia/Hebron;Bayt Dajan;9 Fair Oaks Crossing;70624;Doyle-Stark
643;Morocco;Africa/Casablanca;Saddina;5 Shelley Pass;29097;Cronin-Stroman
644;Canada;America/Montreal;Val-d'Or;53158 Acker Street;51699;Nader-Murray
645;Ireland;Europe/Dublin;Ardee;7 Kim Trail;51037;Moen and Sons
646;Netherlands;Europe/Amsterdam;Zwolle;69421 Stang Terrace;5995;Koepp Group
647;Brazil;America/Sao_Paulo;Amparo;26 Oak Valley Lane;74170;Keeling and Sons
648;Malawi;Africa/Dar_es_Salaam;Chipyela;8588 Continental Way;67395;Hammes and Sons
649;Poland;Europe/Warsaw;Miejsce Piastowe;3067 Stang Terrace;80314;Haley-Smitham
650;United Arab Emirates;Asia/Dubai;Ar Ruways;93 Esch Center;72264;Cole-Beatty
651;Colombia;America/Bogota;Maicao;26 Fuller Circle;41577;Strosin Group
652;Portugal;Europe/Lisbon;Buarcos;15 Anthes Junction;88876;Hills-Heathcote
653;Belarus;Europe/Minsk;Lyasny;6 Union Drive;57118;Beer-Witting
654;Iran;Asia/Tehran;Kahrīz;915 Forster Terrace;59548;Cummerata and Sons
655;Taiwan;Asia/Taipei;Hualian;6993 Claremont Crossing;19466;Hane-Lesch
656;Russia;Europe/Moscow;Komendantsky aerodrom;7526 Clemons Alley;2796;Koepp, Erdman and Rogahn
657;Russia;Europe/Moscow;Pridonskoy;31 School Plaza;57377;Erdman, Tremblay and Jacobson
658;China;Asia/Shanghai;Linzi;46872 Holmberg Park;90571;Bins, Kuhic and Stracke
659;Canada;America/Montreal;Sainte-Marthe-sur-le-Lac;775 Fieldstone Pass;85762;Eichmann and Sons
660;Portugal;Europe/Lisbon;Guia;81815 Merry Place;4345;Watsica, Fritsch and Cassin
661;Syria;Asia/Damascus;Satita;2673 Glendale Alley;51421;Walsh-Ortiz
662;Tunisia;Africa/Tunis;El Fahs;9 Ronald Regan Center;42495;Muller Inc
663;Russia;Asia/Yekaterinburg;Salekhard;1645 Riverside Avenue;80094;Goodwin Inc
664;Peru;America/Lima;Chosica;0245 Bartillon Lane;99867;Collins-Rempel
665;United States;America/New_York;Alexandria;716 Rigney Alley;82108;Ruecker-Barrows
666;Philippines;Asia/Manila;Kinatakutan;36079 Anzinger Hill;88341;Champlin, Hyatt and Mohr
667;Russia;Asia/Novosibirsk;Baryshevo;5843 Grasskamp Center;71831;Hamill, Kirlin and Hermiston
668;China;Asia/Harbin;Chaihe;97 Farragut Circle;14345;Jacobson and Sons
669;Argentina;America/Argentina/Cordoba;Pérez;13975 Service Place;73453;Connelly-Tremblay
670;China;Asia/Chongqing;Guanyinge;72 Green Junction;51359;Rippin-Harvey
671;Philippines;Asia/Manila;Botigues;2 Michigan Trail;5180;Hayes-Pacocha
672;Belarus;Europe/Minsk;Radashkovichy;38111 Upham Circle;75858;Kiehn and Sons
673;Portugal;Europe/Lisbon;Pedroso;6 Corben Court;22801;Hand-Ruecker
674;Philippines;Asia/Manila;Matala;82351 Johnson Court;29012;Hermann Group
675;Indonesia;Asia/Makassar;Banjar Petak;2920 Arkansas Hill;41471;Kovacek-Roberts
676;Brazil;America/Sao_Paulo;Américo Brasiliense;06154 Center Road;77867;Larkin-Rodriguez
677;Ecuador;America/Guayaquil;Cuenca;5697 Loeprich Point;35488;Lubowitz-Fritsch
678;New Zealand;Pacific/Auckland;Burnham;30 Russell Road;72637;Hagenes-Schoen
679;China;Asia/Chongqing;Aduo;2055 Oxford Street;95421;Funk LLC
680;Indonesia;Asia/Makassar;Kekeran;18 Raven Road;43159;McClure Inc
681;China;Asia/Shanghai;Huangbei;80 Cascade Park;70391;McLaughlin, Blick and Purdy
682;Indonesia;Asia/Jakarta;Lohong;5729 Carey Court;39558;Dickinson LLC
683;Ukraine;Europe/Uzhgorod;Kremenets’;5034 Cordelia Street;91936;Rohan-Pouros
684;China;Asia/Shanghai;Gongjiang;043 Luster Parkway;52510;Corwin-Dicki
685;Brazil;America/Sao_Paulo;Itapecerica;23 Jenifer Junction;77090;Hilll, Heller and Jones
686;Luxembourg;Europe/Luxembourg;Pétange;7556 Spohn Street;73034;Jenkins and Sons
687;Russia;Europe/Moscow;Muromtsevo;00352 Sheridan Parkway;42914;Greenfelder, Spencer and West
688;Indonesia;Asia/Jakarta;Rowotengah;0 Lyons Way;93744;Beer-Bergstrom
689;Sweden;Europe/Stockholm;Kungsbacka;46 Ruskin Circle;30803;Dietrich Group
690;Colombia;America/Bogota;Cajamarca;4212 Packers Avenue;66823;Hermiston, O'Hara and Hagenes
691;Russia;Asia/Novosibirsk;Kolyvan’;4 Blue Bill Park Drive;72790;Greenholt-Leannon
692;China;Asia/Chongqing;Zhoujiadian;06988 Clemons Pass;14712;Walsh Group
693;China;Asia/Chongqing;Yuanmen;74865 Shopko Drive;67109;Reynolds and Sons
694;United States;America/New_York;Washington;275 Cascade Drive;92016;Rowe Inc
695;Japan;Asia/Tokyo;Ōtsu-shi;038 Leroy Terrace;99065;Stroman, Kertzmann and Borer
696;Thailand;Asia/Bangkok;Ban Nong Wua So;6095 Spenser Junction;57858;Adams, Wehner and Kovacek
697;Yemen;Asia/Aden;Jiḩānah;5813 Graceland Circle;38003;King-Lueilwitz
698;Armenia;Asia/Yerevan;Haykashen;1 Fair Oaks Junction;71146;Cormier, Feeney and Kub
699;Mexico;America/Mexico_City;El Calvario;627 Lakeland Plaza;78061;Beer-Koch
700;China;Asia/Chongqing;Leiwang;96111 Dixon Center;53872;Kuphal-Spinka
701;Mauritius;Indian/Mauritius;Melrose;7250 Daystar Junction;96707;Ritchie, Runolfsson and Gerhold
702;Canada;America/Montreal;Malartic;19 Rieder Circle;16477;Schaefer LLC
703;Indonesia;Asia/Jakarta;Gogosuket;796 Northland Road;8779;Dickinson-Schamberger
704;Sweden;Europe/Stockholm;Ängelholm;655 Manley Center;83705;Leannon, Cruickshank and Gibson
705;Ukraine;Europe/Zaporozhye;Budy;7677 Dunning Center;18063;Frami Inc
706;Indonesia;Asia/Jakarta;Pogag;8 Melody Pass;92407;Connelly-Bosco
707;Vietnam;Asia/Ho_Chi_Minh;Chơn Thành;33 5th Drive;66588;Zboncak Group
708;France;Europe/Paris;Paris 15;0146 Haas Pass;19704;Pfannerstill, Glover and Pouros
709;Poland;Europe/Warsaw;Tomaszów Mazowiecki;878 Colorado Hill;32975;King Inc
710;Dominican Republic;America/Santo_Domingo;Pescadería;50 Veith Court;65496;Koch Group
711;Yemen;Asia/Aden;Sūq Şirwāḩ;5 Butternut Hill;24560;Leuschke, Huels and Lang
712;Poland;Europe/Warsaw;Międzyrzecz;816 4th Park;37029;Farrell Group
713;China;Asia/Chongqing;Xiayang;6 Forest Dale Avenue;49032;Upton and Sons
714;China;Asia/Kolkata;Baiba;0557 Dixon Parkway;9648;Bartell Inc
715;Ukraine;Europe/Simferopol;Kobleve;3 2nd Plaza;22526;Hamill-Abshire
716;United States;America/Chicago;Houston;17 Grover Court;30945;Shanahan and Sons
717;Albania;Europe/Tirane;Delvinë;6709 Lillian Hill;27813;Block-Botsford
718;Serbia;Europe/Belgrade;Taraš;933 Darwin Road;39202;D'Amore, Streich and Harber
719;China;Asia/Almaty;Dadamtu;88 Elmside Way;2449;Jakubowski-Walsh
720;United States;America/New_York;Greensboro;52 Marquette Junction;25166;Collier-Lakin
721;Indonesia;Asia/Jakarta;Bulangan;2 John Wall Road;17611;Ferry-Gleason
722;Philippines;Asia/Manila;Maloco;6088 Rusk Avenue;92504;Crist LLC
723;Poland;Europe/Warsaw;Raniżów;1 Acker Center;39184;Jacobson Group
724;Canada;America/Montreal;Mont-Royal;713 Canary Avenue;38143;Schaefer-Jast
725;China;Asia/Chongqing;Shahe;91314 Nancy Crossing;78084;Lind and Sons
726;Indonesia;Asia/Jakarta;Krajan;8567 Morningstar Parkway;940;Haag LLC
727;China;Asia/Shanghai;Xiangyanglu;27515 Everett Court;41798;Cummings, Osinski and Denesik
728;Argentina;America/Argentina/Catamarca;Tecka;13275 Hanover Hill;63148;Kutch and Sons
729;Brazil;America/Bahia;Brumado;7 Morning Pass;80358;Streich-Hilll
730;Ethiopia;Africa/Addis_Ababa;Metu;3093 Pearson Hill;72720;Haley-Shields
731;Colombia;America/Bogota;Pueblo Nuevo;0 Blaine Drive;39400;Hackett, Effertz and Kessler
732;Argentina;America/Argentina/Cordoba;Campo Viera;97 Monica Park;94242;Howell-Reinger
733;Portugal;Europe/Lisbon;São Bento;40 Sutteridge Plaza;83463;Lockman, Swift and Rolfson
734;China;Asia/Harbin;Nirji;79 Bunting Road;42116;Champlin LLC
735;Serbia;Europe/Belgrade;Tomaševac;60 Elka Park;95258;Schroeder-Mayert
736;Nigeria;Africa/Lagos;Magumeri;40 Di Loreto Avenue;15156;Thiel-Hayes
737;Cuba;America/Havana;Mariel;33358 Vermont Avenue;34193;Hilpert Inc
738;China;Asia/Shanghai;Huyuan;06 Becker Pass;31564;Cronin, Bartell and Hand
739;China;Asia/Shanghai;Tiehe;5 Acker Point;78442;Becker Inc
740;Democratic Republic of the Congo;Africa/Lubumbashi;Kolwezi;494 Butternut Road;86235;Gusikowski-Trantow
741;Vietnam;Asia/Ho_Chi_Minh;Trần Văn Thời;128 Novick Trail;37332;Moore, Hegmann and Gleason
742;Indonesia;Asia/Jakarta;Cimaragas;8583 Di Loreto Pass;30779;Hermiston Inc
743;Sweden;Europe/Stockholm;Bengtsfors;225 Scoville Lane;86201;Pouros, McClure and Jacobi
744;Ukraine;Europe/Zaporozhye;Rubizhne;852 Veith Alley;85874;Upton Group
745;Philippines;Asia/Manila;San Isidro;3 Welch Trail;78383;Jacobson-Kemmer
746;Indonesia;Asia/Jakarta;Ploso Wetan;200 Spaight Place;26687;Moore and Sons
747;China;Asia/Chongqing;Gyangqai;63518 American Ash Park;19259;Shanahan-Mills
748;Philippines;Asia/Manila;Haligue;03 Moland Crossing;89060;Koch-Cole
749;New Zealand;Pacific/Auckland;Darfield;98 Melvin Alley;14631;Armstrong-Gutkowski
750;Colombia;America/Bogota;Arboleda;47 Tennyson Court;62277;Purdy, Monahan and O'Connell
751;Sweden;Europe/Stockholm;Vimmerby;973 Jay Alley;1443;Schmeler, MacGyver and Hackett
752;Samoa;Pacific/Apia;Solosolo;56598 Menomonie Park;68302;Collins-McClure
753;Philippines;Asia/Manila;Cavinti;77498 Holmberg Street;41403;Cremin, Tillman and Wolff
754;Philippines;Asia/Manila;San Isidro;953 Daystar Street;24168;Lockman, Wilkinson and Cartwright
755;China;Asia/Chongqing;Xijia;5 Muir Crossing;21043;Grady and Sons
756;Poland;Europe/Warsaw;Żelistrzewo;21905 Hoffman Drive;94656;Grimes, McKenzie and Koelpin
757;China;Asia/Shanghai;Zhugang;499 Jay Pass;20081;Luettgen Inc
758;Sweden;Europe/Stockholm;Uddevalla;76390 Carioca Park;72759;Barrows, Baumbach and Berge
759;China;Asia/Chongqing;Ganzi;572 Esch Terrace;30348;Crona Inc
760;Indonesia;Asia/Makassar;Puubheto;5 Logan Trail;20062;Okuneva, Lehner and Aufderhar
761;Japan;Asia/Tokyo;Nabari;5 John Wall Point;47687;Lemke, DuBuque and Cartwright
762;Belarus;Europe/Minsk;Nyakhachava;6 Longview Place;74373;Rodriguez-Denesik
763;Iran;Asia/Tehran;Eslāmābād;2 Washington Road;80919;Ruecker, Parisian and McCullough
764;Czech Republic;Europe/Prague;Nové Město nad Metují;82892 Loftsgordon Court;3278;Oberbrunner-MacGyver
765;Thailand;Asia/Bangkok;Uthai Thani;783 Leroy Plaza;55551;Jacobs, Beatty and Schimmel
766;Portugal;Europe/Lisbon;Seixal;10465 Maple Trail;31138;Koelpin, Bahringer and Armstrong
767;China;Asia/Chongqing;Zoumaping;52 Scott Park;36344;King, Stroman and Medhurst
768;Philippines;Asia/Manila;San Francisco;535 Red Cloud Street;34472;Boyer, Stracke and Adams
769;Philippines;Asia/Manila;Pantubig;5975 Cordelia Center;64206;Hettinger, Hartmann and Zemlak
770;Finland;Europe/Helsinki;Simo;20598 Florence Terrace;83754;Ebert LLC
771;Ethiopia;Africa/Addis_Ababa;K’olīto;5703 Eagan Pass;32907;Hackett, Casper and Hansen
772;Philippines;Asia/Manila;Kalugmanan;95 Weeping Birch Way;68938;Kohler-Heller
773;Sweden;Europe/Stockholm;Ekerö;2 New Castle Court;7455;Rippin-Rau
774;Indonesia;Asia/Jakarta;Selajambe Satu;19 Lakewood Gardens Crossing;23865;Douglas, Kovacek and Casper
775;China;Asia/Chongqing;Longhu;956 Logan Lane;25998;Hyatt-Bayer
776;North Korea;Asia/Pyongyang;Yuktae-dong;15 Mcguire Crossing;10154;Hills, Parker and Wisoky
777;Russia;Europe/Volgograd;Novoul’yanovsk;0 Mendota Point;97056;Bradtke, Lemke and Rempel
778;Russia;Asia/Omsk;Slavgorod;932 Schlimgen Way;3851;Schuster, Mohr and Cronin
779;Greece;Europe/Athens;Arísvi;700 Burrows Terrace;58136;Simonis, Schroeder and Ruecker
780;China;Asia/Chongqing;Luokeng;4 Killdeer Trail;52688;Toy Group
781;Brazil;America/Sao_Paulo;Castelo;22 Hazelcrest Road;82351;Hermann-Ankunding
782;Canada;America/Montreal;Lacolle;5 Donald Circle;95247;Dietrich Group
783;Russia;Asia/Yakutsk;Raychikhinsk;382 Grim Road;19418;Haag Group
784;Greece;Europe/Athens;Diónysos;3571 Onsgard Street;86153;Haley-Thiel
785;Portugal;Europe/Lisbon;Cepões;993 Northwestern Hill;64718;Zulauf, Doyle and Simonis
786;Marshall Islands;Pacific/Majuro;Loen;46 Linden Pass;76473;Goodwin-Maggio
787;Russia;Europe/Volgograd;Kamyzyak;159 Fieldstone Way;57497;Gerhold, Mayert and Daniel
788;China;Asia/Chongqing;Lesuhe;9 Merchant Street;77580;Hagenes, Bashirian and McGlynn
789;China;Asia/Chongqing;Puqian;88 Towne Lane;99214;Heller Group
790;Bolivia;America/La_Paz;Viloco;6728 Superior Avenue;24506;Stamm, Shanahan and Schmeler
791;Ivory Coast;Africa/Abidjan;Agnibilékrou;1 Merry Junction;86661;Ratke-Beer
792;Macedonia;Europe/Skopje;Пласница;73293 Sunnyside Circle;9540;Welch and Sons
793;Sweden;Europe/Stockholm;Göteborg;69 Forest Alley;51051;Huel, Marks and Conroy
794;Brazil;America/Maceio;Itabaiana;94213 Jenifer Hill;58312;Franecki, Cole and Wiegand
795;France;Europe/Paris;Caen;159 Logan Court;56393;Mante, Corwin and Bartoletti
796;Sierra Leone;Africa/Freetown;Kambia;3 Rutledge Place;89900;Schuppe and Sons
797;Philippines;Asia/Manila;Pagatin;2638 Raven Hill;77091;Kassulke-O'Connell
798;Japan;Asia/Tokyo;Komoro;1838 Menomonie Hill;11227;Berge-Gaylord
799;Honduras;America/Tegucigalpa;Chotepe;717 Maywood Pass;24131;Brakus and Sons
800;Bangladesh;Asia/Dhaka;Farīdpur;2051 Sutteridge Street;64962;Rippin-Hagenes
801;China;Asia/Harbin;Wafang;0 Oxford Parkway;46228;Sauer LLC
802;Portugal;Europe/Lisbon;Malhou;14442 Fisk Trail;13276;Oberbrunner, Quitzon and Gislason
803;Vietnam;Asia/Ho_Chi_Minh;An Châu;36001 Helena Lane;53251;Bartell LLC
804;China;Asia/Chongqing;Shiqian;800 Monterey Junction;43395;Simonis, Ortiz and Beier
805;Philippines;Asia/Manila;Mapalacsiao;46537 Grasskamp Court;28151;Cormier Inc
806;Poland;Europe/Warsaw;Bąków;50 Spenser Point;41785;DuBuque Group
807;Czech Republic;Europe/Prague;Polešovice;64110 Rockefeller Pass;30247;Lemke, Shields and Herzog
808;Afghanistan;Asia/Kabul;Zargarān;5951 Armistice Circle;80488;Crona-Watsica
809;Madagascar;Indian/Antananarivo;Ikalamavony;227 Charing Cross Parkway;79974;Kirlin LLC
810;China;Asia/Chongqing;Jinshan;077 Upham Junction;60035;Torphy-Rosenbaum
811;Mexico;America/Mexico_City;San Antonio;9867 Acker Alley;62956;Tillman LLC
812;Portugal;Europe/Lisbon;Várzea;53 Birchwood Plaza;44708;Aufderhar Group
813;Indonesia;Asia/Jakarta;Donan;0600 1st Place;72517;Medhurst Inc
814;Indonesia;Asia/Jakarta;Ciracap;403 Tony Park;50737;Luettgen and Sons
815;Russia;Europe/Moscow;Mikhnëvo;40444 Dahle Center;89557;Upton-Monahan
816;China;Asia/Urumqi;Turgun;58 Golden Leaf Drive;1083;Lesch, Reynolds and Volkman
817;Thailand;Asia/Bangkok;Nong Bua Lamphu;262 Straubel Park;8872;Hoppe LLC
818;Nigeria;Africa/Lagos;Gandi;9207 Wayridge Alley;29575;Marquardt and Sons
819;China;Asia/Shanghai;Yuewan;39 Havey Court;91970;Gerhold Inc
820;Uzbekistan;Asia/Samarkand;Khiwa;640 Kenwood Court;7788;Langworth-Kunze
821;United States;America/New_York;Orlando;15 Hansons Junction;92495;Jacobi-Quigley
822;Ireland;Europe/Dublin;Longford;1 Claremont Lane;98670;Kuhlman Inc
823;Costa Rica;America/Costa_Rica;San Pedro;8485 Union Terrace;98767;Wisoky, Ernser and White
824;Brazil;America/Recife;Jatobá;0070 Morning Pass;71992;Frami-Collier
825;Indonesia;Asia/Jakarta;Krajanpagowan;4 Banding Alley;83321;Wisozk-Champlin
826;Portugal;Europe/Lisbon;Montes Velhos;7 Mccormick Place;45266;Huel, Tillman and Johns
827;Indonesia;Asia/Jakarta;Sendang;238 Onsgard Hill;19073;Borer-Simonis
828;Netherlands;Europe/Amsterdam;Heerlen;7598 Buhler Drive;70174;Altenwerth-Ortiz
829;Dominican Republic;America/Santo_Domingo;Sabana Grande de Boyá;3 Atwood Junction;87297;Weissnat, Kuhn and Carroll
830;China;Asia/Chongqing;Zhongcheng;9 Onsgard Parkway;38613;Thiel-Wiza
831;South Africa;Africa/Johannesburg;KwaMbonambi;205 Grim Avenue;17047;Corwin-Veum
832;Indonesia;Asia/Jakarta;Sumberrejo;805 Graceland Lane;8503;Orn, Boyer and Padberg
833;China;Asia/Chongqing;Huangbao;141 Pawling Terrace;79964;Conroy, Cruickshank and Satterfield
834;Indonesia;Asia/Jakarta;Sedati;9412 Everett Trail;17263;King, Rutherford and Hirthe
835;Bangladesh;Asia/Dhaka;Khulna;02633 Sugar Park;74267;Okuneva-Paucek
836;Yemen;Asia/Aden;Zakhim;1080 Jenna Alley;53503;Blanda LLC
837;China;Asia/Harbin;Fengshan;67293 Judy Hill;77709;Bode Inc
838;Venezuela;America/Caracas;Delicias;74091 Fieldstone Pass;82574;Abshire-Goodwin
839;Philippines;Asia/Manila;Lagasit;3838 Macpherson Way;19907;Homenick, Dicki and Connelly
840;Brazil;America/Sao_Paulo;Pires do Rio;16678 Melrose Alley;19486;Purdy-Bechtelar
841;Indonesia;Asia/Makassar;Pangkajene;9800 Myrtle Circle;61942;Jast-Heaney
842;China;Asia/Shanghai;Yanweigang;15 Talmadge Pass;63068;Larkin Inc
843;Nigeria;Africa/Lagos;Afikpo;7229 Montana Road;5483;O'Reilly Group
844;Honduras;America/Tegucigalpa;Santiago Puringla;97328 Village Circle;7455;Carroll Group
845;China;Asia/Chongqing;Didou;25 Carpenter Hill;31393;Tromp LLC
846;Russia;Europe/Moscow;Setun’;2426 Forest Dale Pass;8515;Heller-Parisian
847;Peru;America/Lima;Amashca;91999 7th Crossing;94214;Crooks, Kunde and Bahringer
848;Sweden;Europe/Stockholm;Karlstad;06854 Express Pass;11652;Aufderhar-Predovic
849;Poland;Europe/Warsaw;Sokolniki;46 Susan Terrace;5260;Bartoletti, Kuvalis and Miller
850;Indonesia;Asia/Jakarta;Tegalrejo;57535 Sachs Road;65122;Nitzsche, O'Reilly and Muller
851;Russia;Europe/Moscow;Rakhmanovo;4229 Kipling Way;92334;Harvey-Effertz
852;Colombia;America/Bogota;Carepa;4 Pleasure Alley;81029;Johnson Group
853;Indonesia;Asia/Makassar;Kiuola;038 Kings Hill;61174;Koepp Group
854;France;Europe/Paris;Hyères;77727 Susan Hill;18478;Streich-Schmitt
855;Poland;Europe/Warsaw;Załuski;629 Dapin Hill;46899;Cruickshank LLC
856;Mexico;America/Mexico_City;Chapultepec;45310 Oneill Place;36175;Waters LLC
857;China;Asia/Chongqing;Youshan;61406 Lakewood Plaza;56314;Romaguera, Stracke and Goldner
858;Peru;America/Lima;Miraflores;2336 Ridge Oak Lane;22983;Leffler and Sons
859;Mauritius;Indian/Mauritius;Morcellemont Saint André;48763 Clemons Terrace;84750;Schneider-Boehm
860;Ethiopia;Africa/Addis_Ababa;Bichena;5 Thierer Alley;97653;Hayes LLC
861;Bangladesh;Asia/Dhaka;Pār Naogaon;20 School Parkway;94177;Hane LLC
862;United States;America/Chicago;Dallas;72368 Eastwood Road;54007;Corkery, Waters and Gulgowski
863;Uganda;Africa/Kampala;Kiboga;096 Lunder Circle;66378;Price-Kautzer
864;Indonesia;Asia/Jakarta;Karangsari;326 Sundown Hill;58076;Aufderhar, Leffler and Goyette
865;Ireland;Europe/Dublin;Kinsealy-Drinan;242 Huxley Circle;46114;Shanahan Group
866;Ukraine;Europe/Kiev;Shepetivka;417 Ilene Lane;43455;Beahan Inc
867;Japan;Asia/Tokyo;Anjō;57804 4th Alley;24466;Predovic LLC
868;France;Europe/Paris;Nanterre;4814 Farragut Terrace;29549;Kerluke, Abbott and Wehner
869;Argentina;America/La_Paz;La Quiaca;42637 Cottonwood Drive;31982;Lind, Prosacco and Shanahan
870;Venezuela;America/Caracas;Santa Ana;72979 Myrtle Lane;82076;Padberg, Schowalter and Murphy
871;Indonesia;Asia/Kuala_Lumpur;Pajak;7267 Mcguire Hill;27187;Gorczany-Okuneva
872;Philippines;Asia/Manila;Patong;7 Fulton Point;51271;Bahringer Inc
873;Brazil;America/Sao_Paulo;Ilhabela;73205 Westend Street;6736;Johns, Pacocha and Stehr
874;Philippines;Asia/Manila;Estancia;578 Morning Parkway;84506;Beatty and Sons
875;Greece;Europe/Athens;Filothéi;8020 Brickson Park Way;57182;Hirthe Inc
876;Philippines;Asia/Manila;Carcar;369 Golf View Trail;34389;Hackett LLC
877;China;Asia/Shanghai;Shantou;6554 Elmside Trail;38384;Feest-Kerluke
878;Canada;America/Edmonton;Calmar;868 Independence Avenue;95552;Gerhold, Fadel and Kessler
879;Sweden;Europe/Stockholm;Varberg;8414 Paget Road;17455;Osinski, Quigley and Schimmel
880;Indonesia;Asia/Jakarta;Banaran;1952 Goodland Parkway;19700;Predovic, Reichel and Braun
881;China;Asia/Chongqing;Renshan;812 Oriole Terrace;57745;Kihn-Renner
882;Russia;Europe/Volgograd;Rovnoye;4465 Dayton Road;65548;Hermann-Brown
883;Russia;Europe/Moscow;Karata;15311 Mcbride Point;90693;Dooley and Sons
884;Indonesia;Asia/Jakarta;Kebon Tengah;779 North Place;39700;Bode, Schaefer and Treutel
885;Vietnam;Asia/Ho_Chi_Minh;Bắc Kạn;21904 Loomis Trail;64606;Ziemann, Mills and Bartoletti
886;Sweden;Europe/Stockholm;Bromma;01 Scott Road;67731;Effertz-Oberbrunner
887;Israel;Asia/Jerusalem;Yeroẖam;82 Maryland Park;90772;Osinski-Price
888;Indonesia;Asia/Jakarta;Cicurug;444 Northridge Place;190;Emard, Collins and Watsica
889;Kazakhstan;Asia/Almaty;Sastöbe;5803 Messerschmidt Court;77027;Hansen, Reynolds and Jacobi
890;Thailand;Asia/Bangkok;Phetchabun;343 David Way;38918;Towne, Olson and Collins
891;Kazakhstan;Asia/Almaty;Ridder;51 Transport Street;69526;Moen-Leuschke
892;Philippines;Asia/Manila;Umingan;23537 Dwight Crossing;74449;Hayes Inc
893;Bermuda;Atlantic/Bermuda;Hamilton;20964 Lien Avenue;15766;Stroman and Sons
894;Venezuela;America/Caracas;Mariara;5934 Carberry Junction;30973;Frami-Kuvalis
895;Indonesia;Asia/Jakarta;Ngangguk;81738 Canary Circle;54680;Olson-Donnelly
896;Portugal;Europe/Lisbon;Cortiços;982 Dahle Court;46583;Koelpin, Kutch and Marks
897;Poland;Europe/Warsaw;Nieborów;3756 Daystar Terrace;98604;McGlynn, Bailey and Moen
898;Russia;Europe/Moscow;Pridonskoy;5272 Doe Crossing Court;77749;Stroman Group
899;France;Europe/Paris;Angoulême;0134 Basil Plaza;98896;Lakin, Feeney and Wisoky
900;Colombia;America/Bogota;Ibagué;87 Mosinee Crossing;57133;Johns, Ryan and Rosenbaum
901;Sweden;Europe/Stockholm;Gråbo;8 Park Meadow Parkway;31070;Stokes, Schneider and Pagac
902;Philippines;Asia/Manila;Tagasilay;9 Crescent Oaks Place;31810;Schimmel, Bosco and Luettgen
903;Indonesia;Asia/Makassar;Kambatatamakawu;43 Jackson Pass;16918;Sporer Inc
904;Kenya;Africa/Nairobi;Bungoma;30378 Laurel Circle;16442;Streich, Mraz and Braun
905;Syria;Asia/Damascus;‘Arīqah;5665 Dahle Street;50827;Heller, Moore and Kub
906;Russia;Europe/Moscow;Murmino;7149 Ohio Circle;28601;Kohler, McGlynn and Weber
907;Philippines;Asia/Manila;Cadagmayan Norte;6606 Superior Plaza;68760;Runolfsdottir, Terry and Rogahn
908;United States;America/New_York;Pittsburgh;06073 Crescent Oaks Center;43814;Quigley and Sons
909;Portugal;Europe/Lisbon;Pereiros;99 Lerdahl Place;55602;Champlin, Kohler and Abshire
910;China;Asia/Shanghai;Huayuan;168 Forster Hill;41660;Strosin, Hegmann and Waelchi
911;Honduras;America/Tegucigalpa;Sabanagrande;757 Blaine Alley;56774;Ryan-Pfeffer
912;France;Europe/Paris;Courtaboeuf;899 Nova Court;47880;Weissnat, D'Amore and Torphy
913;Russia;Europe/Moscow;Dzhayrakh;876 Scott Trail;72529;Blanda, Swift and Satterfield
914;Poland;Europe/Warsaw;Cielmice;615 Iowa Alley;81446;Hammes-Goyette
915;China;Asia/Shanghai;Chengtang;9535 Monterey Point;5593;Schumm, Veum and Mitchell
916;Brazil;America/Sao_Paulo;Itumbiara;62651 Oneill Circle;20492;Schneider LLC
917;Sweden;Europe/Stockholm;Västerås;7 Katie Hill;96013;Mertz, Romaguera and Goodwin
918;Peru;America/Lima;Aquia;0383 6th Plaza;43334;Mohr-Ernser
919;China;Asia/Urumqi;Gahe;78 Buhler Park;41611;Littel and Sons
920;China;Asia/Shanghai;Datian;83 Tennessee Point;63412;Koch-Kertzmann
921;Philippines;Asia/Manila;Magatos;752 Hansons Point;46883;Robel-Greenholt
922;United States;America/New_York;Boca Raton;7035 Scofield Avenue;18660;Swift-Herzog
923;Philippines;Asia/Manila;Sindangan;6 North Court;4351;Daniel-Schimmel
924;China;Asia/Almaty;Yuqunweng;23 Rusk Court;65237;Hickle, Dooley and Kozey
925;China;Asia/Chongqing;Sanxing;94 Melvin Alley;50206;Hodkiewicz, Bartoletti and Jast
926;Kazakhstan;Asia/Almaty;Kīevka;90 Melrose Pass;22211;Dooley-King
927;Poland;Europe/Warsaw;Powidz;9 Starling Plaza;95425;Breitenberg-Haley
928;Venezuela;America/Caracas;Jacura;825 Oriole Avenue;57498;Ferry, Marks and Collins
929;Indonesia;Asia/Jakarta;Dajalorong;7016 Tennyson Point;71358;McCullough, Botsford and Grant
930;Indonesia;Asia/Makassar;Lewoduli;6 Eastwood Alley;51894;Swaniawski Group
931;Argentina;America/Argentina/Buenos_Aires;Nueve de Julio;99 Sauthoff Hill;11737;Donnelly Group
932;Argentina;America/Argentina/Cordoba;Puerto Rico;59168 Dottie Point;92707;O'Connell LLC
933;France;Europe/Paris;Forbach;1593 Shasta Alley;35813;Kub Group
934;Afghanistan;Asia/Kabul;Panjāb;52437 Paget Way;40699;Gislason and Sons
935;Russia;Europe/Moscow;Taganskiy;52298 Esch Park;19861;Grady, Johnston and Wilkinson
936;Philippines;Asia/Manila;Balucuc;1 Texas Way;39546;Wunsch-Borer
937;France;Europe/Paris;Saint-Fargeau-Ponthierry;4 Crownhardt Place;7739;Jenkins-Schneider
938;United States;America/Chicago;Amarillo;54277 Maywood Hill;96423;Stiedemann-Price
939;United Kingdom;Europe/London;Eaton;55 Stephen Lane;47521;Orn-Crooks
940;Finland;Europe/Helsinki;Tuusula;18 Westport Trail;59465;Trantow, Hagenes and Bogan
941;Poland;Europe/Warsaw;Siemianowice Śląskie;8036 Kingsford Court;87097;Labadie-Zieme
942;China;Asia/Shanghai;Guxi;80297 Hanover Crossing;47999;Greenfelder Inc
943;Portugal;Europe/Lisbon;São Pedro Gafanhoeira;4419 Arapahoe Pass;74285;Gleason-Willms
944;Peru;America/Lima;Buenos Aires;88168 Marquette Street;85766;Kub-Rowe
945;Philippines;Asia/Manila;Talacogon;97873 Laurel Lane;52735;Crooks-Schroeder
946;China;Asia/Chongqing;Xinshui;55840 Vidon Lane;14000;Casper Group
947;Oman;Asia/Muscat;Ibrā’;6839 Mcbride Circle;74874;Breitenberg Group
948;Indonesia;Asia/Makassar;Waiwukak;3545 Scott Circle;54506;Runolfsson Group
949;Colombia;America/Bogota;Fundación;95 Moose Terrace;42910;Walker, Orn and Hartmann
950;Montenegro;Europe/Podgorica;Žabljak;20 Lake View Street;70202;Wolf-Walker
951;Colombia;America/Bogota;Ubaté;00624 Granby Avenue;87356;Huels-Nikolaus
952;Argentina;America/Argentina/Salta;Valcheta;34022 Portage Hill;93962;Bechtelar, Collier and Koepp
953;France;Europe/Paris;Montpellier;23141 Carberry Point;77251;Lemke-Hoeger
954;South Korea;Asia/Seoul;Gwangtan;3 Waxwing Court;67489;Wintheiser, Schuppe and Frami
955;Philippines;Asia/Manila;San Isidro;954 Beilfuss Parkway;15709;Schowalter-Weissnat
956;China;Asia/Chongqing;Huomachong;7 Sugar Center;59649;O'Kon Group
957;New Zealand;Pacific/Auckland;Rothesay Bay;8196 Mifflin Point;41748;Hauck-Krajcik
958;Sweden;Europe/Stockholm;Göteborg;32 Atwood Avenue;65675;Collins, Price and Marquardt
959;Norway;Europe/Oslo;Harstad;71563 Brickson Park Road;50368;Stiedemann Group
960;Serbia;Europe/Belgrade;Draginje;41791 Talisman Avenue;7943;Romaguera, Koepp and Hettinger
961;China;Asia/Shanghai;Qianchuan;63950 Pennsylvania Junction;46397;Klein, Wyman and McClure
962;Ukraine;Europe/Zaporozhye;Matviyivka;451 Morning Alley;98263;Toy, Schuster and Gerlach
963;Ethiopia;Africa/Addis_Ababa;Dodola;413 Little Fleur Alley;14986;Hudson Inc
964;China;Asia/Shanghai;Shangfang;2945 Anhalt Hill;37724;Hyatt LLC
965;Latvia;Europe/Riga;Sala;2 Ridgeway Avenue;27962;Pacocha and Sons
966;Philippines;Asia/Manila;Dangcalan;3 Everett Court;51359;Koss, Bashirian and Hilpert
967;United States;America/Chicago;Jefferson City;68 Graedel Trail;70754;Ankunding Group
968;Sweden;Europe/Stockholm;Hultsfred;02 Hoepker Place;86963;Heidenreich, Crist and Reinger
969;Tanzania;Africa/Dar_es_Salaam;Liwale;235 Mariners Cove Drive;25299;Gulgowski and Sons
970;Ukraine;Europe/Uzhgorod;Sheshory;0 Ronald Regan Hill;15287;Mann and Sons
971;United States;America/New_York;Philadelphia;167 Hauk Hill;34532;Leuschke, Kihn and Anderson
972;China;Asia/Chongqing;Longtang;941 John Wall Center;56303;Jerde-Kunde
973;Greece;Europe/Athens;Arkhaía Kórinthos;8 Canary Lane;56457;Kuhlman, Breitenberg and Zemlak
974;Indonesia;Asia/Jakarta;Pasarkayu;0931 American Street;63509;Boyer, Raynor and Johnston
975;China;Asia/Shanghai;Zuocun;72 Northland Avenue;49768;Goldner-Beer
976;Madagascar;Indian/Antananarivo;Manjakandriana;107 Towne Park;28708;Dicki, Wehner and Boyer
977;China;Asia/Harbin;Xiniqi;063 Green Center;62823;Welch Group
978;Bolivia;America/Lima;Yumani;868 Gale Road;50980;Rempel LLC
979;Ukraine;Europe/Kiev;Korniyivka;721 Utah Point;23910;Stoltenberg, Hegmann and Wisoky
980;Indonesia;Asia/Jakarta;Gawanan;5852 Heath Center;30995;Treutel-Weber
981;Afghanistan;Asia/Kabul;Qal‘ah-ye Fārsī;83935 Longview Lane;15244;Jacobs LLC
982;South Korea;Asia/Seoul;Kijang;21080 Dunning Court;97192;Brown, Heidenreich and Graham
983;South Africa;Africa/Johannesburg;Somerset East;825 Oxford Court;82566;Steuber, McDermott and Hansen
984;Palestinian Territory;Asia/Hebron;Jammā‘īn;263 Dottie Drive;85820;Krajcik-Breitenberg
985;China;Asia/Chongqing;Chaodi;32219 Killdeer Point;93665;Hermann and Sons
986;Sweden;Europe/Stockholm;Bagarmossen;99 Ruskin Street;92387;Wintheiser Group
987;Colombia;America/Bogota;La Argentina;791 Waubesa Place;69611;Schaefer, Boyle and Zemlak
988;American Samoa;Pacific/Pago_Pago;Ta`ū;8882 Chinook Avenue;35811;Murray, Bosco and Ebert
989;China;Asia/Shanghai;Datangzhuang;256 Merrick Center;66934;Koss Inc
990;Brazil;America/Sao_Paulo;Bebedouro;4 Mosinee Park;24127;O'Conner-Kris
991;Ukraine;Europe/Kiev;Luhyny;1488 Surrey Alley;36069;Gerlach LLC
992;Iran;Asia/Tehran;Māsāl;0732 Longview Way;93258;Bradtke, Zboncak and Muller
993;France;Europe/Paris;Cahors;34 Kipling Junction;31611;McClure and Sons
994;France;Europe/Paris;Périgueux;0861 Northwestern Way;94679;Will-Miller
995;China;Asia/Chongqing;Chuncheng;6 Packers Drive;59994;Weber-Hartmann
996;Uganda;Africa/Kampala;Kibuku;48218 Nova Drive;88510;Glover LLC
997;China;Asia/Harbin;Shiyan;55 Mendota Pass;70971;Nienow, Brekke and Doyle
998;Czech Republic;Europe/Prague;Prachatice;71 Dahle Street;75659;Schowalter Inc
999;Japan;Asia/Tokyo;Shingū;854 2nd Alley;71723;Klocko, Bogisich and Graham
1000;Indonesia;Asia/Makassar;Majan;47860 Fremont Way;96085;Reynolds, Larson and Bechtelar